[Licensing::Module] Trying to connect to existing licensing client channel...
Built from '6000.3/respin/6000.3.5f1-a1ec4b2f2d19' branch; Version is '6000.3.5f2 (3fa8bc678cb0) revision 4171964'; Using compiler version '194234433'; Build Type 'Release'
OS: 'Windows 11  (10.0.26100) Core' Language: 'ko' Physical Memory: 16087 MB
BatchMode: 1, IsHumanControllingUs: 0, StartBugReporterOnCrash: 0, Is64bit: 1
System  architecture: x64
Process architecture: x64
Date: 2026-02-05T02:23:49Z
[Licensing::IpcConnector] Successfully connected to: "LicenseClient-JUNSOO" at "2026-02-05T02:23:49.662145Z"

COMMAND LINE ARGUMENTS:
C:\Program Files\Unity Hub\6000.3.5f2\Editor\Unity.exe
-adb2
-batchMode
-noUpm
-name
AssetImportWorker2
-projectPath
C:/Study/EN/EN2/PostEffect
-logFile
Logs/AssetImportWorker2.log
-srvPort
65329
-licensingIpc
LicenseClient-JUNSOO
-job-worker-count
7
-background-job-worker-count
8
-gc-helper-count
1
-name
AssetImport
Successfully changed project path to: C:/Study/EN/EN2/PostEffect
C:/Study/EN/EN2/PostEffect
[UnityMemory] Configuration Parameters - Can be set up in boot.config
    "memorysetup-temp-allocator-size-nav-mesh-worker=65536"
    "memorysetup-temp-allocator-size-audio-worker=65536"
    "memorysetup-temp-allocator-size-gfx=262144"
    "memorysetup-allocator-temp-initial-block-size-main=262144"
    "memorysetup-allocator-temp-initial-block-size-worker=262144"
    "memorysetup-temp-allocator-size-background-worker=32768"
    "memorysetup-temp-allocator-size-job-worker=262144"
    "memorysetup-temp-allocator-size-preload-manager=33554432"
    "memorysetup-temp-allocator-size-gi-baking-worker=262144"
    "memorysetup-temp-allocator-size-gi-baking-worker=262144"
    "memorysetup-temp-allocator-size-gi-baking-worker=262144"
    "memorysetup-temp-allocator-size-gi-baking-worker=262144"
    "memorysetup-temp-allocator-size-gi-baking-worker=262144"
    "memorysetup-bucket-allocator-granularity=16"
    "memorysetup-bucket-allocator-bucket-count=8"
    "memorysetup-bucket-allocator-block-size=33554432"
    "memorysetup-bucket-allocator-block-count=8"
    "memorysetup-main-allocator-block-size=16777216"
    "memorysetup-thread-allocator-block-size=16777216"
    "memorysetup-gfx-main-allocator-block-size=16777216"
    "memorysetup-gfx-thread-allocator-block-size=16777216"
    "memorysetup-cache-allocator-block-size=4194304"
    "memorysetup-typetree-allocator-block-size=2097152"
    "memorysetup-profiler-bucket-allocator-granularity=16"
    "memorysetup-profiler-bucket-allocator-bucket-count=8"
    "memorysetup-profiler-bucket-allocator-block-size=33554432"
    "memorysetup-profiler-bucket-allocator-block-count=8"
    "memorysetup-profiler-allocator-block-size=16777216"
    "memorysetup-profiler-editor-allocator-block-size=1048576"
    "memorysetup-temp-allocator-size-main=16777216"
    "memorysetup-job-temp-allocator-block-size=2097152"
    "memorysetup-job-temp-allocator-block-size-background=1048576"
    "memorysetup-job-temp-allocator-reduction-small-platforms=262144"
    "memorysetup-temp-allocator-size-cloud-worker=32768"
Player connection [30476]  Target information:

Player connection [30476]  * "[IP] 192.168.111.186 [Port] 0 [Flags] 2 [Guid] 2625062040 [EditorId] 2625062040 [Version] 1048832 [Id] WindowsEditor(7,MSI) [Debug] 1 [PackageName] WindowsEditor [ProjectName] Editor" 

Player connection [30476] Host joined multi-casting on [225.0.0.222:54997]...
Player connection [30476] Host joined alternative multi-casting on [225.0.0.222:34997]...
JobSystem: Creating JobQueue using job-worker-count value 7
Input System module state changed to: Initialized.
[Physics::Module] Initialized fallback backend.
[Physics::Module] Id: 0xdecafbad
Library Redirect Path: Library/
[Physics::Module] Selected backend.
[Physics::Module] Name: PhysX
[Physics::Module] Id: 0xf2b8ea05
[Physics::Module] SDK Version: 4.1.2
[Physics::Module] Integration Version: 1.0.0
[Physics::Module] Threading Mode: Multi-Threaded
Refreshing native plugins compatible for Editor in 14.51 ms, found 3 plugins.
Preloading 0 native plugins for Editor in 0.00 ms.
Initialize engine version: 6000.3.5f2 (3fa8bc678cb0)
[Subsystems] Discovering subsystems at path C:/Program Files/Unity Hub/6000.3.5f2/Editor/Data/Resources/UnitySubsystems
[Subsystems] Discovering subsystems at path C:/Study/EN/EN2/PostEffect/Assets
GfxDevice: creating device client; kGfxThreadingModeNonThreaded
Direct3D:
    Version:  Direct3D 11.0 [level 11.1]
    Renderer: NVIDIA GeForce RTX 4060 Laptop GPU (ID=0x28a0)
    Vendor:   NVIDIA
    VRAM:     7957 MB
    Driver:   32.0.15.7640
Initialize mono
Mono path[0] = 'C:/Program Files/Unity Hub/6000.3.5f2/Editor/Data/Managed'
Mono path[1] = 'C:/Program Files/Unity Hub/6000.3.5f2/Editor/Data/MonoBleedingEdge/lib/mono/unityjit-win32'
Mono config path = 'C:/Program Files/Unity Hub/6000.3.5f2/Editor/Data/MonoBleedingEdge/etc'
Using monoOptions --debugger-agent=transport=dt_socket,embedding=1,server=y,suspend=n,address=127.0.0.1:56080
Begin MonoManager ReloadAssembly
[Licensing::Client] Handshaking with LicensingClient:
  Version:                 1.17.4+4293ba1
  Session Id:              0efb59f51f374ce99174a42a783ea454
  Correlation Id:          b299ef4813a7203eefcd864b32e05bcd
  External correlation Id: 2553491056150366694
  Machine Id:              Inho9VfVgH3esuUrl+rGAIvuj/g=
[Licensing::Module] Successfully connected to LicensingClient on channel: "LicenseClient-JUNSOO" (connect: 0.01s, validation: 0.02s, handshake: 2.17s)
[Licensing::IpcConnector] Successfully connected to: "LicenseClient-JUNSOO-notifications" at "2026-02-05T02:23:51.8454217Z"
[Licensing::Module] Licensing Background thread has ended after 2.20s
Registering precompiled unity dll's ...
Register platform support module: C:/Program Files/Unity Hub/6000.3.5f2/Editor/Data/PlaybackEngines/WindowsStandaloneSupport/UnityEditor.WindowsStandalone.Extensions.dll
Registered in 0.007966 seconds.
- Loaded All Assemblies, in  0.874 seconds
Native extension for WindowsStandalone target not found
ScheduleIndexationOnStartup MainProcess:False IndexOnStartup:True
Mono: successfully reloaded assembly
- Finished resetting the current domain, in  0.636 seconds
Domain Reload Profiling: 1499ms
	BeginReloadAssembly (384ms)
		ExecutionOrderSort (0ms)
		DisableScriptedObjects (0ms)
		BackupInstance (0ms)
		ReleaseScriptingObjects (0ms)
		CreateAndSetChildDomain (1ms)
	RebuildCommonClasses (62ms)
	RebuildNativeTypeToScriptingClass (24ms)
	initialDomainReloadingComplete (118ms)
	LoadAllAssembliesAndSetupDomain (274ms)
		LoadAssemblies (369ms)
		RebuildTransferFunctionScriptingTraits (0ms)
		AnalyzeDomain (269ms)
			TypeCache.Refresh (267ms)
				TypeCache.ScanAssembly (245ms)
			BuildScriptInfoCaches (0ms)
			ResolveRequiredComponents (1ms)
	FinalizeReload (637ms)
		ReleaseScriptCaches (0ms)
		RebuildScriptCaches (0ms)
		SetupLoadedEditorAssemblies (574ms)
			LogAssemblyErrors (0ms)
			InitializePlatformSupportModulesInManaged (68ms)
			SetLoadedEditorAssemblies (6ms)
			BeforeProcessingInitializeOnLoad (139ms)
			ProcessInitializeOnLoadAttributes (229ms)
			ProcessInitializeOnLoadMethodAttributes (132ms)
			AfterProcessingInitializeOnLoad (0ms)
			EditorAssembliesLoaded (0ms)
		ExecutionOrderSort2 (0ms)
		AwakeInstancesAfterBackupRestoration (0ms)
========================================================================
Worker process is ready to serve import requests
Import Worker Mode flag is 0x00
Begin MonoManager ReloadAssembly
[Licensing::Client] Successfully resolved entitlement details
[Licensing::Module] License group:
  Id: 15669557594953-UnityPersXXXX
  Product: Unity Personal
  Type: Assigned
  Expiration: Unlimited
- Loaded All Assemblies, in  1.555 seconds
Refreshing native plugins compatible for Editor in 2.88 ms, found 3 plugins.
Native extension for WindowsStandalone target not found
Package Manager log level set to [2]
[Package Manager] Failed to launch server process. Reason: Unity was launched with the -noUpm command-line argument
[Package Manager] Unable to send message (not connected to server process).
[Package Manager] Cannot connect to Unity Package Manager local server
ScheduleIndexationOnStartup MainProcess:False IndexOnStartup:True
Mono: successfully reloaded assembly
- Finished resetting the current domain, in  1.022 seconds
Domain Reload Profiling: 2549ms
	BeginReloadAssembly (385ms)
		ExecutionOrderSort (0ms)
		DisableScriptedObjects (7ms)
		BackupInstance (0ms)
		ReleaseScriptingObjects (0ms)
		CreateAndSetChildDomain (58ms)
	RebuildCommonClasses (65ms)
	RebuildNativeTypeToScriptingClass (18ms)
	initialDomainReloadingComplete (71ms)
	LoadAllAssembliesAndSetupDomain (987ms)
		LoadAssemblies (863ms)
		RebuildTransferFunctionScriptingTraits (0ms)
		AnalyzeDomain (368ms)
			TypeCache.Refresh (282ms)
				TypeCache.ScanAssembly (260ms)
			BuildScriptInfoCaches (72ms)
			ResolveRequiredComponents (10ms)
	FinalizeReload (1023ms)
		ReleaseScriptCaches (0ms)
		RebuildScriptCaches (0ms)
		SetupLoadedEditorAssemblies (721ms)
			LogAssemblyErrors (0ms)
			InitializePlatformSupportModulesInManaged (2ms)
			SetLoadedEditorAssemblies (5ms)
			BeforeProcessingInitializeOnLoad (192ms)
			ProcessInitializeOnLoadAttributes (425ms)
			ProcessInitializeOnLoadMethodAttributes (76ms)
			AfterProcessingInitializeOnLoad (20ms)
			EditorAssembliesLoaded (0ms)
		ExecutionOrderSort2 (0ms)
		AwakeInstancesAfterBackupRestoration (17ms)
Launched and connected shader compiler UnityShaderCompiler.exe after 0.02 seconds
Refreshing native plugins compatible for Editor in 4.44 ms, found 3 plugins.
Preloading 0 native plugins for Editor in 0.00 ms.
Unloading 16 Unused Serialized files (Serialized files now loaded: 0)
Unloading 6225 unused Assets / (5.2 MB). Loaded Objects now: 7037.
Memory consumption went from 150.2 MB to 145.0 MB.
Total: 19.611600 ms (FindLiveObjects: 1.152400 ms CreateObjectMapping: 1.425900 ms MarkObjects: 10.732700 ms  DeleteObjects: 6.297100 ms)

========================================================================
Received Import Request.
  Time since last request: 5626.283852 seconds.
  path: Packages/com.unity.render-pipelines.universal/Editor/SceneTemplates/Materials/Ground.mat
  artifactKey: Guid(761d8e1f988ed2345a28312145c79c6e) Importer(815301076,1909f56bfc062723c751e8b465ee728b)
Start importing Packages/com.unity.render-pipelines.universal/Editor/SceneTemplates/Materials/Ground.mat using Guid(761d8e1f988ed2345a28312145c79c6e) Importer(815301076,1909f56bfc062723c751e8b465ee728b) (PreviewImporter)The render pass ToneMappingRenderPass does not have an implementation of the RecordRenderGraph method. Please implement this method, or consider turning on Compatibility Mode (RenderGraph disabled) in the menu Edit > Project Settings > Graphics > URP. Otherwise the render pass will have no effect. For more information, refer to https://docs.unity3d.com/Packages/com.unity.render-pipelines.universal@latest/index.html?subfolder=/manual/customizing-urp.html.
UnityEngine.Debug:ExtractStackTraceNoAlloc (byte*,int,string)
UnityEngine.StackTraceUtility:ExtractStackTrace ()
UnityEngine.DebugLogHandler:Internal_Log (UnityEngine.LogType,UnityEngine.LogOption,string,UnityEngine.Object)
UnityEngine.DebugLogHandler:LogFormat (UnityEngine.LogType,UnityEngine.Object,string,object[])
UnityEngine.Logger:Log (UnityEngine.LogType,object)
UnityEngine.Debug:LogWarning (object)
UnityEngine.Rendering.Universal.ScriptableRenderPass:RecordRenderGraph (UnityEngine.Rendering.RenderGraphModule.RenderGraph,UnityEngine.Rendering.ContextContainer) (at ./Library/PackageCache/com.unity.render-pipelines.universal@1e87cf1dccb8/Runtime/Passes/ScriptableRenderPass.cs:756)
ToneMappingRenderPass:RecordRenderGraph (UnityEngine.Rendering.RenderGraphModule.RenderGraph,UnityEngine.Rendering.ContextContainer) (at Assets/ToneMappingRenderPass.cs:18)
UnityEngine.Rendering.Universal.ScriptableRenderer:RecordCustomRenderGraphPassesInEventRange (UnityEngine.Rendering.RenderGraphModule.RenderGraph,UnityEngine.Rendering.Universal.RenderPassEvent,UnityEngine.Rendering.Universal.RenderPassEvent) (at ./Library/PackageCache/com.unity.render-pipelines.universal@1e87cf1dccb8/Runtime/ScriptableRenderer.cs:1306)
UnityEngine.Rendering.Universal.ScriptableRenderer:RecordCustomRenderGraphPasses (UnityEngine.Rendering.RenderGraphModule.RenderGraph,UnityEngine.Rendering.Universal.RenderPassEvent,UnityEngine.Rendering.Universal.RenderPassEvent) (at ./Library/PackageCache/com.unity.render-pipelines.universal@1e87cf1dccb8/Runtime/ScriptableRenderer.cs:1325)
UnityEngine.Rendering.Universal.ScriptableRenderer:RecordCustomRenderGraphPasses (UnityEngine.Rendering.RenderGraphModule.RenderGraph,UnityEngine.Rendering.Universal.RenderPassEvent) (at ./Library/PackageCache/com.unity.render-pipelines.universal@1e87cf1dccb8/Runtime/ScriptableRenderer.cs:1330)
UnityEngine.Rendering.Universal.UniversalRenderer:OnAfterRendering (UnityEngine.Rendering.RenderGraphModule.RenderGraph,bool) (at ./Library/PackageCache/com.unity.render-pipelines.universal@1e87cf1dccb8/Runtime/UniversalRendererRenderGraph.cs:1370)
UnityEngine.Rendering.Universal.UniversalRenderer:OnRecordRenderGraph (UnityEngine.Rendering.RenderGraphModule.RenderGraph,UnityEngine.Rendering.ScriptableRenderContext) (at ./Library/PackageCache/com.unity.render-pipelines.universal@1e87cf1dccb8/Runtime/UniversalRendererRenderGraph.cs:653)
UnityEngine.Rendering.Universal.ScriptableRenderer:RecordRenderGraph (UnityEngine.Rendering.RenderGraphModule.RenderGraph,UnityEngine.Rendering.ScriptableRenderContext) (at ./Library/PackageCache/com.unity.render-pipelines.universal@1e87cf1dccb8/Runtime/ScriptableRenderer.cs:1259)
UnityEngine.Rendering.Universal.UniversalRenderPipeline:RecordAndExecuteRenderGraph (UnityEngine.Rendering.RenderGraphModule.RenderGraph,UnityEngine.Rendering.ScriptableRenderContext,UnityEngine.Rendering.Universal.ScriptableRenderer,UnityEngine.Rendering.CommandBuffer,UnityEngine.Camera,UnityEngine.Rendering.RenderGraphModule.RenderTextureUVOriginStrategy) (at ./Library/PackageCache/com.unity.render-pipelines.universal@1e87cf1dccb8/Runtime/UniversalRenderPipelineRenderGraph.cs:23)
UnityEngine.Rendering.Universal.UniversalRenderPipeline:RenderSingleCamera (UnityEngine.Rendering.ScriptableRenderContext,UnityEngine.Rendering.Universal.UniversalCameraData) (at ./Library/PackageCache/com.unity.render-pipelines.universal@1e87cf1dccb8/Runtime/UniversalRenderPipeline.cs:902)
UnityEngine.Rendering.Universal.UniversalRenderPipeline:RenderSingleCameraInternal (UnityEngine.Rendering.ScriptableRenderContext,UnityEngine.Camera,UnityEngine.Rendering.Universal.UniversalAdditionalCameraData&,bool) (at ./Library/PackageCache/com.unity.render-pipelines.universal@1e87cf1dccb8/Runtime/UniversalRenderPipeline.cs:720)
UnityEngine.Rendering.Universal.UniversalRenderPipeline:RenderSingleCameraInternal (UnityEngine.Rendering.ScriptableRenderContext,UnityEngine.Camera,bool) (at ./Library/PackageCache/com.unity.render-pipelines.universal@1e87cf1dccb8/Runtime/UniversalRenderPipeline.cs:695)
UnityEngine.Rendering.Universal.UniversalRenderPipeline:Render (UnityEngine.Rendering.ScriptableRenderContext,System.Collections.Generic.List`1<UnityEngine.Camera>) (at ./Library/PackageCache/com.unity.render-pipelines.universal@1e87cf1dccb8/Runtime/UniversalRenderPipeline.cs:512)
UnityEngine.Rendering.RenderPipeline:InternalRender (UnityEngine.Rendering.ScriptableRenderContext,System.Collections.Generic.List`1<UnityEngine.Camera>)
UnityEngine.Rendering.RenderPipelineManager:DoRenderLoop_Internal (UnityEngine.Rendering.RenderPipelineAsset,intptr,UnityEngine.Object,Unity.Collections.LowLevel.Unsafe.AtomicSafetyHandle)
UnityEngine.Camera:Render ()
UnityEditor.PreviewRenderUtility:Render (bool,bool)
UnityEditor.MaterialEditor:DoRenderPreview (UnityEditor.PreviewRenderUtility,bool)
UnityEditor.MaterialEditor:RenderStaticPreview (string,UnityEngine.Object[],int,int)
UnityEditor.AssetPreviewUpdater:CreatePreview (UnityEngine.Object,UnityEngine.Object[],string,int,int)
UnityEditor.AssetPreviewUpdater:CreatePreviewForAsset (UnityEngine.Object,UnityEngine.Object[],string)

(Filename: ./Library/PackageCache/com.unity.render-pipelines.universal@1e87cf1dccb8/Runtime/Passes/ScriptableRenderPass.cs Line: 756)

 -> (artifact id: '6153ba13a1a14d0a049e9dff248c6db1') in 0.7724607 seconds
Number of updated asset objects reloaded before import = 0Number of asset objects unloaded after import = 1

========================================================================
Received Import Request.
  Time since last request: 0.000051 seconds.
  path: Packages/com.unity.searcher/Editor/Resources/FlatSkin/Font/Roboto-Black.ttf
  artifactKey: Guid(1062c701058745940ae5dca6219c64c8) Importer(815301076,1909f56bfc062723c751e8b465ee728b)
Start importing Packages/com.unity.searcher/Editor/Resources/FlatSkin/Font/Roboto-Black.ttf using Guid(1062c701058745940ae5dca6219c64c8) Importer(815301076,1909f56bfc062723c751e8b465ee728b) (PreviewImporter)The render pass ToneMappingRenderPass does not have an implementation of the RecordRenderGraph method. Please implement this method, or consider turning on Compatibility Mode (RenderGraph disabled) in the menu Edit > Project Settings > Graphics > URP. Otherwise the render pass will have no effect. For more information, refer to https://docs.unity3d.com/Packages/com.unity.render-pipelines.universal@latest/index.html?subfolder=/manual/customizing-urp.html.
UnityEngine.Debug:ExtractStackTraceNoAlloc (byte*,int,string)
UnityEngine.StackTraceUtility:ExtractStackTrace ()
UnityEngine.DebugLogHandler:Internal_Log (UnityEngine.LogType,UnityEngine.LogOption,string,UnityEngine.Object)
UnityEngine.DebugLogHandler:LogFormat (UnityEngine.LogType,UnityEngine.Object,string,object[])
UnityEngine.Logger:Log (UnityEngine.LogType,object)
UnityEngine.Debug:LogWarning (object)
UnityEngine.Rendering.Universal.ScriptableRenderPass:RecordRenderGraph (UnityEngine.Rendering.RenderGraphModule.RenderGraph,UnityEngine.Rendering.ContextContainer) (at ./Library/PackageCache/com.unity.render-pipelines.universal@1e87cf1dccb8/Runtime/Passes/ScriptableRenderPass.cs:756)
ToneMappingRenderPass:RecordRenderGraph (UnityEngine.Rendering.RenderGraphModule.RenderGraph,UnityEngine.Rendering.ContextContainer) (at Assets/ToneMappingRenderPass.cs:18)
UnityEngine.Rendering.Universal.ScriptableRenderer:RecordCustomRenderGraphPassesInEventRange (UnityEngine.Rendering.RenderGraphModule.RenderGraph,UnityEngine.Rendering.Universal.RenderPassEvent,UnityEngine.Rendering.Universal.RenderPassEvent) (at ./Library/PackageCache/com.unity.render-pipelines.universal@1e87cf1dccb8/Runtime/ScriptableRenderer.cs:1306)
UnityEngine.Rendering.Universal.ScriptableRenderer:RecordCustomRenderGraphPasses (UnityEngine.Rendering.RenderGraphModule.RenderGraph,UnityEngine.Rendering.Universal.RenderPassEvent,UnityEngine.Rendering.Universal.RenderPassEvent) (at ./Library/PackageCache/com.unity.render-pipelines.universal@1e87cf1dccb8/Runtime/ScriptableRenderer.cs:1325)
UnityEngine.Rendering.Universal.ScriptableRenderer:RecordCustomRenderGraphPasses (UnityEngine.Rendering.RenderGraphModule.RenderGraph,UnityEngine.Rendering.Universal.RenderPassEvent) (at ./Library/PackageCache/com.unity.render-pipelines.universal@1e87cf1dccb8/Runtime/ScriptableRenderer.cs:1330)
UnityEngine.Rendering.Universal.UniversalRenderer:OnAfterRendering (UnityEngine.Rendering.RenderGraphModule.RenderGraph,bool) (at ./Library/PackageCache/com.unity.render-pipelines.universal@1e87cf1dccb8/Runtime/UniversalRendererRenderGraph.cs:1370)
UnityEngine.Rendering.Universal.UniversalRenderer:OnRecordRenderGraph (UnityEngine.Rendering.RenderGraphModule.RenderGraph,UnityEngine.Rendering.ScriptableRenderContext) (at ./Library/PackageCache/com.unity.render-pipelines.universal@1e87cf1dccb8/Runtime/UniversalRendererRenderGraph.cs:653)
UnityEngine.Rendering.Universal.ScriptableRenderer:RecordRenderGraph (UnityEngine.Rendering.RenderGraphModule.RenderGraph,UnityEngine.Rendering.ScriptableRenderContext) (at ./Library/PackageCache/com.unity.render-pipelines.universal@1e87cf1dccb8/Runtime/ScriptableRenderer.cs:1259)
UnityEngine.Rendering.Universal.UniversalRenderPipeline:RecordAndExecuteRenderGraph (UnityEngine.Rendering.RenderGraphModule.RenderGraph,UnityEngine.Rendering.ScriptableRenderContext,UnityEngine.Rendering.Universal.ScriptableRenderer,UnityEngine.Rendering.CommandBuffer,UnityEngine.Camera,UnityEngine.Rendering.RenderGraphModule.RenderTextureUVOriginStrategy) (at ./Library/PackageCache/com.unity.render-pipelines.universal@1e87cf1dccb8/Runtime/UniversalRenderPipelineRenderGraph.cs:23)
UnityEngine.Rendering.Universal.UniversalRenderPipeline:RenderSingleCamera (UnityEngine.Rendering.ScriptableRenderContext,UnityEngine.Rendering.Universal.UniversalCameraData) (at ./Library/PackageCache/com.unity.render-pipelines.universal@1e87cf1dccb8/Runtime/UniversalRenderPipeline.cs:902)
UnityEngine.Rendering.Universal.UniversalRenderPipeline:RenderSingleCameraInternal (UnityEngine.Rendering.ScriptableRenderContext,UnityEngine.Camera,UnityEngine.Rendering.Universal.UniversalAdditionalCameraData&,bool) (at ./Library/PackageCache/com.unity.render-pipelines.universal@1e87cf1dccb8/Runtime/UniversalRenderPipeline.cs:720)
UnityEngine.Rendering.Universal.UniversalRenderPipeline:RenderSingleCameraInternal (UnityEngine.Rendering.ScriptableRenderContext,UnityEngine.Camera,bool) (at ./Library/PackageCache/com.unity.render-pipelines.universal@1e87cf1dccb8/Runtime/UniversalRenderPipeline.cs:695)
UnityEngine.Rendering.Universal.UniversalRenderPipeline:Render (UnityEngine.Rendering.ScriptableRenderContext,System.Collections.Generic.List`1<UnityEngine.Camera>) (at ./Library/PackageCache/com.unity.render-pipelines.universal@1e87cf1dccb8/Runtime/UniversalRenderPipeline.cs:512)
UnityEngine.Rendering.RenderPipeline:InternalRender (UnityEngine.Rendering.ScriptableRenderContext,System.Collections.Generic.List`1<UnityEngine.Camera>)
UnityEngine.Rendering.RenderPipelineManager:DoRenderLoop_Internal (UnityEngine.Rendering.RenderPipelineAsset,intptr,UnityEngine.Object,Unity.Collections.LowLevel.Unsafe.AtomicSafetyHandle)
UnityEngine.Camera:Render ()
UnityEditor.PreviewRenderUtility:Render (bool,bool)
UnityEditor.MaterialEditor:DoRenderPreview (UnityEditor.PreviewRenderUtility,bool)
UnityEditor.MaterialEditor:RenderStaticPreview (string,UnityEngine.Object[],int,int)
UnityEditor.AssetPreviewUpdater:CreatePreview (UnityEngine.Object,UnityEngine.Object[],string,int,int)
UnityEditor.AssetPreviewUpdater:CreatePreviewForAsset (UnityEngine.Object,UnityEngine.Object[],string)

(Filename: ./Library/PackageCache/com.unity.render-pipelines.universal@1e87cf1dccb8/Runtime/Passes/ScriptableRenderPass.cs Line: 756)

 -> (artifact id: 'c1612c2c2e7eb703e7725e508bba6db6') in 0.1191176 seconds
Number of updated asset objects reloaded before import = 0Number of asset objects unloaded after import = 4

========================================================================
Received Import Request.
  Time since last request: 0.000080 seconds.
  path: Packages/com.unity.searcher/Editor/Resources/FlatSkin/Font/Roboto-Regular.ttf
  artifactKey: Guid(30dc370b164eefc43b95744fc796dad0) Importer(815301076,1909f56bfc062723c751e8b465ee728b)
Start importing Packages/com.unity.searcher/Editor/Resources/FlatSkin/Font/Roboto-Regular.ttf using Guid(30dc370b164eefc43b95744fc796dad0) Importer(815301076,1909f56bfc062723c751e8b465ee728b) (PreviewImporter)The render pass ToneMappingRenderPass does not have an implementation of the RecordRenderGraph method. Please implement this method, or consider turning on Compatibility Mode (RenderGraph disabled) in the menu Edit > Project Settings > Graphics > URP. Otherwise the render pass will have no effect. For more information, refer to https://docs.unity3d.com/Packages/com.unity.render-pipelines.universal@latest/index.html?subfolder=/manual/customizing-urp.html.
UnityEngine.Debug:ExtractStackTraceNoAlloc (byte*,int,string)
UnityEngine.StackTraceUtility:ExtractStackTrace ()
UnityEngine.DebugLogHandler:Internal_Log (UnityEngine.LogType,UnityEngine.LogOption,string,UnityEngine.Object)
UnityEngine.DebugLogHandler:LogFormat (UnityEngine.LogType,UnityEngine.Object,string,object[])
UnityEngine.Logger:Log (UnityEngine.LogType,object)
UnityEngine.Debug:LogWarning (object)
UnityEngine.Rendering.Universal.ScriptableRenderPass:RecordRenderGraph (UnityEngine.Rendering.RenderGraphModule.RenderGraph,UnityEngine.Rendering.ContextContainer) (at ./Library/PackageCache/com.unity.render-pipelines.universal@1e87cf1dccb8/Runtime/Passes/ScriptableRenderPass.cs:756)
ToneMappingRenderPass:RecordRenderGraph (UnityEngine.Rendering.RenderGraphModule.RenderGraph,UnityEngine.Rendering.ContextContainer) (at Assets/ToneMappingRenderPass.cs:18)
UnityEngine.Rendering.Universal.ScriptableRenderer:RecordCustomRenderGraphPassesInEventRange (UnityEngine.Rendering.RenderGraphModule.RenderGraph,UnityEngine.Rendering.Universal.RenderPassEvent,UnityEngine.Rendering.Universal.RenderPassEvent) (at ./Library/PackageCache/com.unity.render-pipelines.universal@1e87cf1dccb8/Runtime/ScriptableRenderer.cs:1306)
UnityEngine.Rendering.Universal.ScriptableRenderer:RecordCustomRenderGraphPasses (UnityEngine.Rendering.RenderGraphModule.RenderGraph,UnityEngine.Rendering.Universal.RenderPassEvent,UnityEngine.Rendering.Universal.RenderPassEvent) (at ./Library/PackageCache/com.unity.render-pipelines.universal@1e87cf1dccb8/Runtime/ScriptableRenderer.cs:1325)
UnityEngine.Rendering.Universal.ScriptableRenderer:RecordCustomRenderGraphPasses (UnityEngine.Rendering.RenderGraphModule.RenderGraph,UnityEngine.Rendering.Universal.RenderPassEvent) (at ./Library/PackageCache/com.unity.render-pipelines.universal@1e87cf1dccb8/Runtime/ScriptableRenderer.cs:1330)
UnityEngine.Rendering.Universal.UniversalRenderer:OnAfterRendering (UnityEngine.Rendering.RenderGraphModule.RenderGraph,bool) (at ./Library/PackageCache/com.unity.render-pipelines.universal@1e87cf1dccb8/Runtime/UniversalRendererRenderGraph.cs:1370)
UnityEngine.Rendering.Universal.UniversalRenderer:OnRecordRenderGraph (UnityEngine.Rendering.RenderGraphModule.RenderGraph,UnityEngine.Rendering.ScriptableRenderContext) (at ./Library/PackageCache/com.unity.render-pipelines.universal@1e87cf1dccb8/Runtime/UniversalRendererRenderGraph.cs:653)
UnityEngine.Rendering.Universal.ScriptableRenderer:RecordRenderGraph (UnityEngine.Rendering.RenderGraphModule.RenderGraph,UnityEngine.Rendering.ScriptableRenderContext) (at ./Library/PackageCache/com.unity.render-pipelines.universal@1e87cf1dccb8/Runtime/ScriptableRenderer.cs:1259)
UnityEngine.Rendering.Universal.UniversalRenderPipeline:RecordAndExecuteRenderGraph (UnityEngine.Rendering.RenderGraphModule.RenderGraph,UnityEngine.Rendering.ScriptableRenderContext,UnityEngine.Rendering.Universal.ScriptableRenderer,UnityEngine.Rendering.CommandBuffer,UnityEngine.Camera,UnityEngine.Rendering.RenderGraphModule.RenderTextureUVOriginStrategy) (at ./Library/PackageCache/com.unity.render-pipelines.universal@1e87cf1dccb8/Runtime/UniversalRenderPipelineRenderGraph.cs:23)
UnityEngine.Rendering.Universal.UniversalRenderPipeline:RenderSingleCamera (UnityEngine.Rendering.ScriptableRenderContext,UnityEngine.Rendering.Universal.UniversalCameraData) (at ./Library/PackageCache/com.unity.render-pipelines.universal@1e87cf1dccb8/Runtime/UniversalRenderPipeline.cs:902)
UnityEngine.Rendering.Universal.UniversalRenderPipeline:RenderSingleCameraInternal (UnityEngine.Rendering.ScriptableRenderContext,UnityEngine.Camera,UnityEngine.Rendering.Universal.UniversalAdditionalCameraData&,bool) (at ./Library/PackageCache/com.unity.render-pipelines.universal@1e87cf1dccb8/Runtime/UniversalRenderPipeline.cs:720)
UnityEngine.Rendering.Universal.UniversalRenderPipeline:RenderSingleCameraInternal (UnityEngine.Rendering.ScriptableRenderContext,UnityEngine.Camera,bool) (at ./Library/PackageCache/com.unity.render-pipelines.universal@1e87cf1dccb8/Runtime/UniversalRenderPipeline.cs:695)
UnityEngine.Rendering.Universal.UniversalRenderPipeline:Render (UnityEngine.Rendering.ScriptableRenderContext,System.Collections.Generic.List`1<UnityEngine.Camera>) (at ./Library/PackageCache/com.unity.render-pipelines.universal@1e87cf1dccb8/Runtime/UniversalRenderPipeline.cs:512)
UnityEngine.Rendering.RenderPipeline:InternalRender (UnityEngine.Rendering.ScriptableRenderContext,System.Collections.Generic.List`1<UnityEngine.Camera>)
UnityEngine.Rendering.RenderPipelineManager:DoRenderLoop_Internal (UnityEngine.Rendering.RenderPipelineAsset,intptr,UnityEngine.Object,Unity.Collections.LowLevel.Unsafe.AtomicSafetyHandle)
UnityEngine.Camera:Render ()
UnityEditor.PreviewRenderUtility:Render (bool,bool)
UnityEditor.MaterialEditor:DoRenderPreview (UnityEditor.PreviewRenderUtility,bool)
UnityEditor.MaterialEditor:RenderStaticPreview (string,UnityEngine.Object[],int,int)
UnityEditor.AssetPreviewUpdater:CreatePreview (UnityEngine.Object,UnityEngine.Object[],string,int,int)
UnityEditor.AssetPreviewUpdater:CreatePreviewForAsset (UnityEngine.Object,UnityEngine.Object[],string)

(Filename: ./Library/PackageCache/com.unity.render-pipelines.universal@1e87cf1dccb8/Runtime/Passes/ScriptableRenderPass.cs Line: 756)

 -> (artifact id: '801e5e36d5a8a8f5925520599ada67aa') in 0.1691943 seconds
Number of updated asset objects reloaded before import = 0Number of asset objects unloaded after import = 4

========================================================================
Received Import Request.
  Time since last request: 0.000052 seconds.
  path: Packages/com.unity.render-pipelines.universal/Editor/SceneTemplates/Materials/Black.mat
  artifactKey: Guid(4f1ef37ae953c484bbc5d5e4049147e5) Importer(815301076,1909f56bfc062723c751e8b465ee728b)
Start importing Packages/com.unity.render-pipelines.universal/Editor/SceneTemplates/Materials/Black.mat using Guid(4f1ef37ae953c484bbc5d5e4049147e5) Importer(815301076,1909f56bfc062723c751e8b465ee728b) (PreviewImporter)The render pass ToneMappingRenderPass does not have an implementation of the RecordRenderGraph method. Please implement this method, or consider turning on Compatibility Mode (RenderGraph disabled) in the menu Edit > Project Settings > Graphics > URP. Otherwise the render pass will have no effect. For more information, refer to https://docs.unity3d.com/Packages/com.unity.render-pipelines.universal@latest/index.html?subfolder=/manual/customizing-urp.html.
UnityEngine.Debug:ExtractStackTraceNoAlloc (byte*,int,string)
UnityEngine.StackTraceUtility:ExtractStackTrace ()
UnityEngine.DebugLogHandler:Internal_Log (UnityEngine.LogType,UnityEngine.LogOption,string,UnityEngine.Object)
UnityEngine.DebugLogHandler:LogFormat (UnityEngine.LogType,UnityEngine.Object,string,object[])
UnityEngine.Logger:Log (UnityEngine.LogType,object)
UnityEngine.Debug:LogWarning (object)
UnityEngine.Rendering.Universal.ScriptableRenderPass:RecordRenderGraph (UnityEngine.Rendering.RenderGraphModule.RenderGraph,UnityEngine.Rendering.ContextContainer) (at ./Library/PackageCache/com.unity.render-pipelines.universal@1e87cf1dccb8/Runtime/Passes/ScriptableRenderPass.cs:756)
ToneMappingRenderPass:RecordRenderGraph (UnityEngine.Rendering.RenderGraphModule.RenderGraph,UnityEngine.Rendering.ContextContainer) (at Assets/ToneMappingRenderPass.cs:18)
UnityEngine.Rendering.Universal.ScriptableRenderer:RecordCustomRenderGraphPassesInEventRange (UnityEngine.Rendering.RenderGraphModule.RenderGraph,UnityEngine.Rendering.Universal.RenderPassEvent,UnityEngine.Rendering.Universal.RenderPassEvent) (at ./Library/PackageCache/com.unity.render-pipelines.universal@1e87cf1dccb8/Runtime/ScriptableRenderer.cs:1306)
UnityEngine.Rendering.Universal.ScriptableRenderer:RecordCustomRenderGraphPasses (UnityEngine.Rendering.RenderGraphModule.RenderGraph,UnityEngine.Rendering.Universal.RenderPassEvent,UnityEngine.Rendering.Universal.RenderPassEvent) (at ./Library/PackageCache/com.unity.render-pipelines.universal@1e87cf1dccb8/Runtime/ScriptableRenderer.cs:1325)
UnityEngine.Rendering.Universal.ScriptableRenderer:RecordCustomRenderGraphPasses (UnityEngine.Rendering.RenderGraphModule.RenderGraph,UnityEngine.Rendering.Universal.RenderPassEvent) (at ./Library/PackageCache/com.unity.render-pipelines.universal@1e87cf1dccb8/Runtime/ScriptableRenderer.cs:1330)
UnityEngine.Rendering.Universal.UniversalRenderer:OnAfterRendering (UnityEngine.Rendering.RenderGraphModule.RenderGraph,bool) (at ./Library/PackageCache/com.unity.render-pipelines.universal@1e87cf1dccb8/Runtime/UniversalRendererRenderGraph.cs:1370)
UnityEngine.Rendering.Universal.UniversalRenderer:OnRecordRenderGraph (UnityEngine.Rendering.RenderGraphModule.RenderGraph,UnityEngine.Rendering.ScriptableRenderContext) (at ./Library/PackageCache/com.unity.render-pipelines.universal@1e87cf1dccb8/Runtime/UniversalRendererRenderGraph.cs:653)
UnityEngine.Rendering.Universal.ScriptableRenderer:RecordRenderGraph (UnityEngine.Rendering.RenderGraphModule.RenderGraph,UnityEngine.Rendering.ScriptableRenderContext) (at ./Library/PackageCache/com.unity.render-pipelines.universal@1e87cf1dccb8/Runtime/ScriptableRenderer.cs:1259)
UnityEngine.Rendering.Universal.UniversalRenderPipeline:RecordAndExecuteRenderGraph (UnityEngine.Rendering.RenderGraphModule.RenderGraph,UnityEngine.Rendering.ScriptableRenderContext,UnityEngine.Rendering.Universal.ScriptableRenderer,UnityEngine.Rendering.CommandBuffer,UnityEngine.Camera,UnityEngine.Rendering.RenderGraphModule.RenderTextureUVOriginStrategy) (at ./Library/PackageCache/com.unity.render-pipelines.universal@1e87cf1dccb8/Runtime/UniversalRenderPipelineRenderGraph.cs:23)
UnityEngine.Rendering.Universal.UniversalRenderPipeline:RenderSingleCamera (UnityEngine.Rendering.ScriptableRenderContext,UnityEngine.Rendering.Universal.UniversalCameraData) (at ./Library/PackageCache/com.unity.render-pipelines.universal@1e87cf1dccb8/Runtime/UniversalRenderPipeline.cs:902)
UnityEngine.Rendering.Universal.UniversalRenderPipeline:RenderSingleCameraInternal (UnityEngine.Rendering.ScriptableRenderContext,UnityEngine.Camera,UnityEngine.Rendering.Universal.UniversalAdditionalCameraData&,bool) (at ./Library/PackageCache/com.unity.render-pipelines.universal@1e87cf1dccb8/Runtime/UniversalRenderPipeline.cs:720)
UnityEngine.Rendering.Universal.UniversalRenderPipeline:RenderSingleCameraInternal (UnityEngine.Rendering.ScriptableRenderContext,UnityEngine.Camera,bool) (at ./Library/PackageCache/com.unity.render-pipelines.universal@1e87cf1dccb8/Runtime/UniversalRenderPipeline.cs:695)
UnityEngine.Rendering.Universal.UniversalRenderPipeline:Render (UnityEngine.Rendering.ScriptableRenderContext,System.Collections.Generic.List`1<UnityEngine.Camera>) (at ./Library/PackageCache/com.unity.render-pipelines.universal@1e87cf1dccb8/Runtime/UniversalRenderPipeline.cs:512)
UnityEngine.Rendering.RenderPipeline:InternalRender (UnityEngine.Rendering.ScriptableRenderContext,System.Collections.Generic.List`1<UnityEngine.Camera>)
UnityEngine.Rendering.RenderPipelineManager:DoRenderLoop_Internal (UnityEngine.Rendering.RenderPipelineAsset,intptr,UnityEngine.Object,Unity.Collections.LowLevel.Unsafe.AtomicSafetyHandle)
UnityEngine.Camera:Render ()
UnityEditor.PreviewRenderUtility:Render (bool,bool)
UnityEditor.MaterialEditor:DoRenderPreview (UnityEditor.PreviewRenderUtility,bool)
UnityEditor.MaterialEditor:RenderStaticPreview (string,UnityEngine.Object[],int,int)
UnityEditor.AssetPreviewUpdater:CreatePreview (UnityEngine.Object,UnityEngine.Object[],string,int,int)
UnityEditor.AssetPreviewUpdater:CreatePreviewForAsset (UnityEngine.Object,UnityEngine.Object[],string)

(Filename: ./Library/PackageCache/com.unity.render-pipelines.universal@1e87cf1dccb8/Runtime/Passes/ScriptableRenderPass.cs Line: 756)

 -> (artifact id: '1a787b9ebf155017656bc1236bb1fc73') in 0.0446434 seconds
Number of updated asset objects reloaded before import = 0Number of asset objects unloaded after import = 1

========================================================================
Received Import Request.
  Time since last request: 0.000051 seconds.
  path: Packages/com.unity.render-pipelines.universal/Runtime/Materials/Sprite-Lit-Default.mat
  artifactKey: Guid(a97c105638bdf8b4a8650670310a4cd3) Importer(815301076,1909f56bfc062723c751e8b465ee728b)
Start importing Packages/com.unity.render-pipelines.universal/Runtime/Materials/Sprite-Lit-Default.mat using Guid(a97c105638bdf8b4a8650670310a4cd3) Importer(815301076,1909f56bfc062723c751e8b465ee728b) (PreviewImporter)The render pass ToneMappingRenderPass does not have an implementation of the RecordRenderGraph method. Please implement this method, or consider turning on Compatibility Mode (RenderGraph disabled) in the menu Edit > Project Settings > Graphics > URP. Otherwise the render pass will have no effect. For more information, refer to https://docs.unity3d.com/Packages/com.unity.render-pipelines.universal@latest/index.html?subfolder=/manual/customizing-urp.html.
UnityEngine.Debug:ExtractStackTraceNoAlloc (byte*,int,string)
UnityEngine.StackTraceUtility:ExtractStackTrace ()
UnityEngine.DebugLogHandler:Internal_Log (UnityEngine.LogType,UnityEngine.LogOption,string,UnityEngine.Object)
UnityEngine.DebugLogHandler:LogFormat (UnityEngine.LogType,UnityEngine.Object,string,object[])
UnityEngine.Logger:Log (UnityEngine.LogType,object)
UnityEngine.Debug:LogWarning (object)
UnityEngine.Rendering.Universal.ScriptableRenderPass:RecordRenderGraph (UnityEngine.Rendering.RenderGraphModule.RenderGraph,UnityEngine.Rendering.ContextContainer) (at ./Library/PackageCache/com.unity.render-pipelines.universal@1e87cf1dccb8/Runtime/Passes/ScriptableRenderPass.cs:756)
ToneMappingRenderPass:RecordRenderGraph (UnityEngine.Rendering.RenderGraphModule.RenderGraph,UnityEngine.Rendering.ContextContainer) (at Assets/ToneMappingRenderPass.cs:18)
UnityEngine.Rendering.Universal.ScriptableRenderer:RecordCustomRenderGraphPassesInEventRange (UnityEngine.Rendering.RenderGraphModule.RenderGraph,UnityEngine.Rendering.Universal.RenderPassEvent,UnityEngine.Rendering.Universal.RenderPassEvent) (at ./Library/PackageCache/com.unity.render-pipelines.universal@1e87cf1dccb8/Runtime/ScriptableRenderer.cs:1306)
UnityEngine.Rendering.Universal.ScriptableRenderer:RecordCustomRenderGraphPasses (UnityEngine.Rendering.RenderGraphModule.RenderGraph,UnityEngine.Rendering.Universal.RenderPassEvent,UnityEngine.Rendering.Universal.RenderPassEvent) (at ./Library/PackageCache/com.unity.render-pipelines.universal@1e87cf1dccb8/Runtime/ScriptableRenderer.cs:1325)
UnityEngine.Rendering.Universal.ScriptableRenderer:RecordCustomRenderGraphPasses (UnityEngine.Rendering.RenderGraphModule.RenderGraph,UnityEngine.Rendering.Universal.RenderPassEvent) (at ./Library/PackageCache/com.unity.render-pipelines.universal@1e87cf1dccb8/Runtime/ScriptableRenderer.cs:1330)
UnityEngine.Rendering.Universal.UniversalRenderer:OnAfterRendering (UnityEngine.Rendering.RenderGraphModule.RenderGraph,bool) (at ./Library/PackageCache/com.unity.render-pipelines.universal@1e87cf1dccb8/Runtime/UniversalRendererRenderGraph.cs:1370)
UnityEngine.Rendering.Universal.UniversalRenderer:OnRecordRenderGraph (UnityEngine.Rendering.RenderGraphModule.RenderGraph,UnityEngine.Rendering.ScriptableRenderContext) (at ./Library/PackageCache/com.unity.render-pipelines.universal@1e87cf1dccb8/Runtime/UniversalRendererRenderGraph.cs:653)
UnityEngine.Rendering.Universal.ScriptableRenderer:RecordRenderGraph (UnityEngine.Rendering.RenderGraphModule.RenderGraph,UnityEngine.Rendering.ScriptableRenderContext) (at ./Library/PackageCache/com.unity.render-pipelines.universal@1e87cf1dccb8/Runtime/ScriptableRenderer.cs:1259)
UnityEngine.Rendering.Universal.UniversalRenderPipeline:RecordAndExecuteRenderGraph (UnityEngine.Rendering.RenderGraphModule.RenderGraph,UnityEngine.Rendering.ScriptableRenderContext,UnityEngine.Rendering.Universal.ScriptableRenderer,UnityEngine.Rendering.CommandBuffer,UnityEngine.Camera,UnityEngine.Rendering.RenderGraphModule.RenderTextureUVOriginStrategy) (at ./Library/PackageCache/com.unity.render-pipelines.universal@1e87cf1dccb8/Runtime/UniversalRenderPipelineRenderGraph.cs:23)
UnityEngine.Rendering.Universal.UniversalRenderPipeline:RenderSingleCamera (UnityEngine.Rendering.ScriptableRenderContext,UnityEngine.Rendering.Universal.UniversalCameraData) (at ./Library/PackageCache/com.unity.render-pipelines.universal@1e87cf1dccb8/Runtime/UniversalRenderPipeline.cs:902)
UnityEngine.Rendering.Universal.UniversalRenderPipeline:RenderSingleCameraInternal (UnityEngine.Rendering.ScriptableRenderContext,UnityEngine.Camera,UnityEngine.Rendering.Universal.UniversalAdditionalCameraData&,bool) (at ./Library/PackageCache/com.unity.render-pipelines.universal@1e87cf1dccb8/Runtime/UniversalRenderPipeline.cs:720)
UnityEngine.Rendering.Universal.UniversalRenderPipeline:RenderSingleCameraInternal (UnityEngine.Rendering.ScriptableRenderContext,UnityEngine.Camera,bool) (at ./Library/PackageCache/com.unity.render-pipelines.universal@1e87cf1dccb8/Runtime/UniversalRenderPipeline.cs:695)
UnityEngine.Rendering.Universal.UniversalRenderPipeline:Render (UnityEngine.Rendering.ScriptableRenderContext,System.Collections.Generic.List`1<UnityEngine.Camera>) (at ./Library/PackageCache/com.unity.render-pipelines.universal@1e87cf1dccb8/Runtime/UniversalRenderPipeline.cs:512)
UnityEngine.Rendering.RenderPipeline:InternalRender (UnityEngine.Rendering.ScriptableRenderContext,System.Collections.Generic.List`1<UnityEngine.Camera>)
UnityEngine.Rendering.RenderPipelineManager:DoRenderLoop_Internal (UnityEngine.Rendering.RenderPipelineAsset,intptr,UnityEngine.Object,Unity.Collections.LowLevel.Unsafe.AtomicSafetyHandle)
UnityEngine.Camera:Render ()
UnityEditor.PreviewRenderUtility:Render (bool,bool)
UnityEditor.MaterialEditor:DoRenderPreview (UnityEditor.PreviewRenderUtility,bool)
UnityEditor.MaterialEditor:RenderStaticPreview (string,UnityEngine.Object[],int,int)
UnityEditor.AssetPreviewUpdater:CreatePreview (UnityEngine.Object,UnityEngine.Object[],string,int,int)
UnityEditor.AssetPreviewUpdater:CreatePreviewForAsset (UnityEngine.Object,UnityEngine.Object[],string)

(Filename: ./Library/PackageCache/com.unity.render-pipelines.universal@1e87cf1dccb8/Runtime/Passes/ScriptableRenderPass.cs Line: 756)

 -> (artifact id: 'c9cefcd9ad6f9be9cc92e43db50732bd') in 0.0598876 seconds
Number of updated asset objects reloaded before import = 0Number of asset objects unloaded after import = 0

========================================================================
Received Import Request.
  Time since last request: 0.000032 seconds.
  path: Packages/com.unity.shadergraph/GraphTemplates/Cross Pipeline/0_Particle Unlit.shadergraph
  artifactKey: Guid(af66091e0eca0c04a9c3584ae867418a) Importer(815301076,1909f56bfc062723c751e8b465ee728b)
Start importing Packages/com.unity.shadergraph/GraphTemplates/Cross Pipeline/0_Particle Unlit.shadergraph using Guid(af66091e0eca0c04a9c3584ae867418a) Importer(815301076,1909f56bfc062723c751e8b465ee728b) (PreviewImporter)The render pass ToneMappingRenderPass does not have an implementation of the RecordRenderGraph method. Please implement this method, or consider turning on Compatibility Mode (RenderGraph disabled) in the menu Edit > Project Settings > Graphics > URP. Otherwise the render pass will have no effect. For more information, refer to https://docs.unity3d.com/Packages/com.unity.render-pipelines.universal@latest/index.html?subfolder=/manual/customizing-urp.html.
UnityEngine.Debug:ExtractStackTraceNoAlloc (byte*,int,string)
UnityEngine.StackTraceUtility:ExtractStackTrace ()
UnityEngine.DebugLogHandler:Internal_Log (UnityEngine.LogType,UnityEngine.LogOption,string,UnityEngine.Object)
UnityEngine.DebugLogHandler:LogFormat (UnityEngine.LogType,UnityEngine.Object,string,object[])
UnityEngine.Logger:Log (UnityEngine.LogType,object)
UnityEngine.Debug:LogWarning (object)
UnityEngine.Rendering.Universal.ScriptableRenderPass:RecordRenderGraph (UnityEngine.Rendering.RenderGraphModule.RenderGraph,UnityEngine.Rendering.ContextContainer) (at ./Library/PackageCache/com.unity.render-pipelines.universal@1e87cf1dccb8/Runtime/Passes/ScriptableRenderPass.cs:756)
ToneMappingRenderPass:RecordRenderGraph (UnityEngine.Rendering.RenderGraphModule.RenderGraph,UnityEngine.Rendering.ContextContainer) (at Assets/ToneMappingRenderPass.cs:18)
UnityEngine.Rendering.Universal.ScriptableRenderer:RecordCustomRenderGraphPassesInEventRange (UnityEngine.Rendering.RenderGraphModule.RenderGraph,UnityEngine.Rendering.Universal.RenderPassEvent,UnityEngine.Rendering.Universal.RenderPassEvent) (at ./Library/PackageCache/com.unity.render-pipelines.universal@1e87cf1dccb8/Runtime/ScriptableRenderer.cs:1306)
UnityEngine.Rendering.Universal.ScriptableRenderer:RecordCustomRenderGraphPasses (UnityEngine.Rendering.RenderGraphModule.RenderGraph,UnityEngine.Rendering.Universal.RenderPassEvent,UnityEngine.Rendering.Universal.RenderPassEvent) (at ./Library/PackageCache/com.unity.render-pipelines.universal@1e87cf1dccb8/Runtime/ScriptableRenderer.cs:1325)
UnityEngine.Rendering.Universal.ScriptableRenderer:RecordCustomRenderGraphPasses (UnityEngine.Rendering.RenderGraphModule.RenderGraph,UnityEngine.Rendering.Universal.RenderPassEvent) (at ./Library/PackageCache/com.unity.render-pipelines.universal@1e87cf1dccb8/Runtime/ScriptableRenderer.cs:1330)
UnityEngine.Rendering.Universal.UniversalRenderer:OnAfterRendering (UnityEngine.Rendering.RenderGraphModule.RenderGraph,bool) (at ./Library/PackageCache/com.unity.render-pipelines.universal@1e87cf1dccb8/Runtime/UniversalRendererRenderGraph.cs:1370)
UnityEngine.Rendering.Universal.UniversalRenderer:OnRecordRenderGraph (UnityEngine.Rendering.RenderGraphModule.RenderGraph,UnityEngine.Rendering.ScriptableRenderContext) (at ./Library/PackageCache/com.unity.render-pipelines.universal@1e87cf1dccb8/Runtime/UniversalRendererRenderGraph.cs:653)
UnityEngine.Rendering.Universal.ScriptableRenderer:RecordRenderGraph (UnityEngine.Rendering.RenderGraphModule.RenderGraph,UnityEngine.Rendering.ScriptableRenderContext) (at ./Library/PackageCache/com.unity.render-pipelines.universal@1e87cf1dccb8/Runtime/ScriptableRenderer.cs:1259)
UnityEngine.Rendering.Universal.UniversalRenderPipeline:RecordAndExecuteRenderGraph (UnityEngine.Rendering.RenderGraphModule.RenderGraph,UnityEngine.Rendering.ScriptableRenderContext,UnityEngine.Rendering.Universal.ScriptableRenderer,UnityEngine.Rendering.CommandBuffer,UnityEngine.Camera,UnityEngine.Rendering.RenderGraphModule.RenderTextureUVOriginStrategy) (at ./Library/PackageCache/com.unity.render-pipelines.universal@1e87cf1dccb8/Runtime/UniversalRenderPipelineRenderGraph.cs:23)
UnityEngine.Rendering.Universal.UniversalRenderPipeline:RenderSingleCamera (UnityEngine.Rendering.ScriptableRenderContext,UnityEngine.Rendering.Universal.UniversalCameraData) (at ./Library/PackageCache/com.unity.render-pipelines.universal@1e87cf1dccb8/Runtime/UniversalRenderPipeline.cs:902)
UnityEngine.Rendering.Universal.UniversalRenderPipeline:RenderSingleCameraInternal (UnityEngine.Rendering.ScriptableRenderContext,UnityEngine.Camera,UnityEngine.Rendering.Universal.UniversalAdditionalCameraData&,bool) (at ./Library/PackageCache/com.unity.render-pipelines.universal@1e87cf1dccb8/Runtime/UniversalRenderPipeline.cs:720)
UnityEngine.Rendering.Universal.UniversalRenderPipeline:RenderSingleCameraInternal (UnityEngine.Rendering.ScriptableRenderContext,UnityEngine.Camera,bool) (at ./Library/PackageCache/com.unity.render-pipelines.universal@1e87cf1dccb8/Runtime/UniversalRenderPipeline.cs:695)
UnityEngine.Rendering.Universal.UniversalRenderPipeline:Render (UnityEngine.Rendering.ScriptableRenderContext,System.Collections.Generic.List`1<UnityEngine.Camera>) (at ./Library/PackageCache/com.unity.render-pipelines.universal@1e87cf1dccb8/Runtime/UniversalRenderPipeline.cs:512)
UnityEngine.Rendering.RenderPipeline:InternalRender (UnityEngine.Rendering.ScriptableRenderContext,System.Collections.Generic.List`1<UnityEngine.Camera>)
UnityEngine.Rendering.RenderPipelineManager:DoRenderLoop_Internal (UnityEngine.Rendering.RenderPipelineAsset,intptr,UnityEngine.Object,Unity.Collections.LowLevel.Unsafe.AtomicSafetyHandle)
UnityEngine.Camera:Render ()
UnityEditor.PreviewRenderUtility:Render (bool,bool)
UnityEditor.MaterialEditor:DoRenderPreview (UnityEditor.PreviewRenderUtility,bool)
UnityEditor.MaterialEditor:RenderStaticPreview (string,UnityEngine.Object[],int,int)
UnityEditor.AssetPreviewUpdater:CreatePreview (UnityEngine.Object,UnityEngine.Object[],string,int,int)
UnityEditor.AssetPreviewUpdater:CreatePreviewForAsset (UnityEngine.Object,UnityEngine.Object[],string)

(Filename: ./Library/PackageCache/com.unity.render-pipelines.universal@1e87cf1dccb8/Runtime/Passes/ScriptableRenderPass.cs Line: 756)

 -> (artifact id: '9c87b8f19ece2cd19cab60f5033953dd') in 0.5724673 seconds
Number of updated asset objects reloaded before import = 0Number of asset objects unloaded after import = 7

========================================================================
Received Import Request.
  Time since last request: 0.000035 seconds.
  path: Packages/com.unity.render-pipelines.universal/Editor/ShaderGraph/GraphTemplates/Fullscreen Basic URP.shadergraph
  artifactKey: Guid(df41eefe8c13d444ca890dddbbc61f8d) Importer(815301076,1909f56bfc062723c751e8b465ee728b)
Start importing Packages/com.unity.render-pipelines.universal/Editor/ShaderGraph/GraphTemplates/Fullscreen Basic URP.shadergraph using Guid(df41eefe8c13d444ca890dddbbc61f8d) Importer(815301076,1909f56bfc062723c751e8b465ee728b) (PreviewImporter)The render pass ToneMappingRenderPass does not have an implementation of the RecordRenderGraph method. Please implement this method, or consider turning on Compatibility Mode (RenderGraph disabled) in the menu Edit > Project Settings > Graphics > URP. Otherwise the render pass will have no effect. For more information, refer to https://docs.unity3d.com/Packages/com.unity.render-pipelines.universal@latest/index.html?subfolder=/manual/customizing-urp.html.
UnityEngine.Debug:ExtractStackTraceNoAlloc (byte*,int,string)
UnityEngine.StackTraceUtility:ExtractStackTrace ()
UnityEngine.DebugLogHandler:Internal_Log (UnityEngine.LogType,UnityEngine.LogOption,string,UnityEngine.Object)
UnityEngine.DebugLogHandler:LogFormat (UnityEngine.LogType,UnityEngine.Object,string,object[])
UnityEngine.Logger:Log (UnityEngine.LogType,object)
UnityEngine.Debug:LogWarning (object)
UnityEngine.Rendering.Universal.ScriptableRenderPass:RecordRenderGraph (UnityEngine.Rendering.RenderGraphModule.RenderGraph,UnityEngine.Rendering.ContextContainer) (at ./Library/PackageCache/com.unity.render-pipelines.universal@1e87cf1dccb8/Runtime/Passes/ScriptableRenderPass.cs:756)
ToneMappingRenderPass:RecordRenderGraph (UnityEngine.Rendering.RenderGraphModule.RenderGraph,UnityEngine.Rendering.ContextContainer) (at Assets/ToneMappingRenderPass.cs:18)
UnityEngine.Rendering.Universal.ScriptableRenderer:RecordCustomRenderGraphPassesInEventRange (UnityEngine.Rendering.RenderGraphModule.RenderGraph,UnityEngine.Rendering.Universal.RenderPassEvent,UnityEngine.Rendering.Universal.RenderPassEvent) (at ./Library/PackageCache/com.unity.render-pipelines.universal@1e87cf1dccb8/Runtime/ScriptableRenderer.cs:1306)
UnityEngine.Rendering.Universal.ScriptableRenderer:RecordCustomRenderGraphPasses (UnityEngine.Rendering.RenderGraphModule.RenderGraph,UnityEngine.Rendering.Universal.RenderPassEvent,UnityEngine.Rendering.Universal.RenderPassEvent) (at ./Library/PackageCache/com.unity.render-pipelines.universal@1e87cf1dccb8/Runtime/ScriptableRenderer.cs:1325)
UnityEngine.Rendering.Universal.ScriptableRenderer:RecordCustomRenderGraphPasses (UnityEngine.Rendering.RenderGraphModule.RenderGraph,UnityEngine.Rendering.Universal.RenderPassEvent) (at ./Library/PackageCache/com.unity.render-pipelines.universal@1e87cf1dccb8/Runtime/ScriptableRenderer.cs:1330)
UnityEngine.Rendering.Universal.UniversalRenderer:OnAfterRendering (UnityEngine.Rendering.RenderGraphModule.RenderGraph,bool) (at ./Library/PackageCache/com.unity.render-pipelines.universal@1e87cf1dccb8/Runtime/UniversalRendererRenderGraph.cs:1370)
UnityEngine.Rendering.Universal.UniversalRenderer:OnRecordRenderGraph (UnityEngine.Rendering.RenderGraphModule.RenderGraph,UnityEngine.Rendering.ScriptableRenderContext) (at ./Library/PackageCache/com.unity.render-pipelines.universal@1e87cf1dccb8/Runtime/UniversalRendererRenderGraph.cs:653)
UnityEngine.Rendering.Universal.ScriptableRenderer:RecordRenderGraph (UnityEngine.Rendering.RenderGraphModule.RenderGraph,UnityEngine.Rendering.ScriptableRenderContext) (at ./Library/PackageCache/com.unity.render-pipelines.universal@1e87cf1dccb8/Runtime/ScriptableRenderer.cs:1259)
UnityEngine.Rendering.Universal.UniversalRenderPipeline:RecordAndExecuteRenderGraph (UnityEngine.Rendering.RenderGraphModule.RenderGraph,UnityEngine.Rendering.ScriptableRenderContext,UnityEngine.Rendering.Universal.ScriptableRenderer,UnityEngine.Rendering.CommandBuffer,UnityEngine.Camera,UnityEngine.Rendering.RenderGraphModule.RenderTextureUVOriginStrategy) (at ./Library/PackageCache/com.unity.render-pipelines.universal@1e87cf1dccb8/Runtime/UniversalRenderPipelineRenderGraph.cs:23)
UnityEngine.Rendering.Universal.UniversalRenderPipeline:RenderSingleCamera (UnityEngine.Rendering.ScriptableRenderContext,UnityEngine.Rendering.Universal.UniversalCameraData) (at ./Library/PackageCache/com.unity.render-pipelines.universal@1e87cf1dccb8/Runtime/UniversalRenderPipeline.cs:902)
UnityEngine.Rendering.Universal.UniversalRenderPipeline:RenderSingleCameraInternal (UnityEngine.Rendering.ScriptableRenderContext,UnityEngine.Camera,UnityEngine.Rendering.Universal.UniversalAdditionalCameraData&,bool) (at ./Library/PackageCache/com.unity.render-pipelines.universal@1e87cf1dccb8/Runtime/UniversalRenderPipeline.cs:720)
UnityEngine.Rendering.Universal.UniversalRenderPipeline:RenderSingleCameraInternal (UnityEngine.Rendering.ScriptableRenderContext,UnityEngine.Camera,bool) (at ./Library/PackageCache/com.unity.render-pipelines.universal@1e87cf1dccb8/Runtime/UniversalRenderPipeline.cs:695)
UnityEngine.Rendering.Universal.UniversalRenderPipeline:Render (UnityEngine.Rendering.ScriptableRenderContext,System.Collections.Generic.List`1<UnityEngine.Camera>) (at ./Library/PackageCache/com.unity.render-pipelines.universal@1e87cf1dccb8/Runtime/UniversalRenderPipeline.cs:512)
UnityEngine.Rendering.RenderPipeline:InternalRender (UnityEngine.Rendering.ScriptableRenderContext,System.Collections.Generic.List`1<UnityEngine.Camera>)
UnityEngine.Rendering.RenderPipelineManager:DoRenderLoop_Internal (UnityEngine.Rendering.RenderPipelineAsset,intptr,UnityEngine.Object,Unity.Collections.LowLevel.Unsafe.AtomicSafetyHandle)
UnityEngine.Camera:Render ()
UnityEditor.PreviewRenderUtility:Render (bool,bool)
UnityEditor.MaterialEditor:DoRenderPreview (UnityEditor.PreviewRenderUtility,bool)
UnityEditor.MaterialEditor:RenderStaticPreview (string,UnityEngine.Object[],int,int)
UnityEditor.AssetPreviewUpdater:CreatePreview (UnityEngine.Object,UnityEngine.Object[],string,int,int)
UnityEditor.AssetPreviewUpdater:CreatePreviewForAsset (UnityEngine.Object,UnityEngine.Object[],string)

(Filename: ./Library/PackageCache/com.unity.render-pipelines.universal@1e87cf1dccb8/Runtime/Passes/ScriptableRenderPass.cs Line: 756)

 -> (artifact id: '8599b5dcced7da277d449bd747a47f02') in 0.226318 seconds
Number of updated asset objects reloaded before import = 0Number of asset objects unloaded after import = 2

========================================================================
Received Import Request.
  Time since last request: 0.000040 seconds.
  path: Packages/com.unity.render-pipelines.core/Runtime/RenderPipelineResources/Mesh/SamplesFloorSpotlight.fbx
  artifactKey: Guid(1dbf28c1bb322474d981b2dc555e28b0) Importer(815301076,1909f56bfc062723c751e8b465ee728b)
Start importing Packages/com.unity.render-pipelines.core/Runtime/RenderPipelineResources/Mesh/SamplesFloorSpotlight.fbx using Guid(1dbf28c1bb322474d981b2dc555e28b0) Importer(815301076,1909f56bfc062723c751e8b465ee728b) (PreviewImporter)The render pass ToneMappingRenderPass does not have an implementation of the RecordRenderGraph method. Please implement this method, or consider turning on Compatibility Mode (RenderGraph disabled) in the menu Edit > Project Settings > Graphics > URP. Otherwise the render pass will have no effect. For more information, refer to https://docs.unity3d.com/Packages/com.unity.render-pipelines.universal@latest/index.html?subfolder=/manual/customizing-urp.html.
UnityEngine.Debug:ExtractStackTraceNoAlloc (byte*,int,string)
UnityEngine.StackTraceUtility:ExtractStackTrace ()
UnityEngine.DebugLogHandler:Internal_Log (UnityEngine.LogType,UnityEngine.LogOption,string,UnityEngine.Object)
UnityEngine.DebugLogHandler:LogFormat (UnityEngine.LogType,UnityEngine.Object,string,object[])
UnityEngine.Logger:Log (UnityEngine.LogType,object)
UnityEngine.Debug:LogWarning (object)
UnityEngine.Rendering.Universal.ScriptableRenderPass:RecordRenderGraph (UnityEngine.Rendering.RenderGraphModule.RenderGraph,UnityEngine.Rendering.ContextContainer) (at ./Library/PackageCache/com.unity.render-pipelines.universal@1e87cf1dccb8/Runtime/Passes/ScriptableRenderPass.cs:756)
ToneMappingRenderPass:RecordRenderGraph (UnityEngine.Rendering.RenderGraphModule.RenderGraph,UnityEngine.Rendering.ContextContainer) (at Assets/ToneMappingRenderPass.cs:18)
UnityEngine.Rendering.Universal.ScriptableRenderer:RecordCustomRenderGraphPassesInEventRange (UnityEngine.Rendering.RenderGraphModule.RenderGraph,UnityEngine.Rendering.Universal.RenderPassEvent,UnityEngine.Rendering.Universal.RenderPassEvent) (at ./Library/PackageCache/com.unity.render-pipelines.universal@1e87cf1dccb8/Runtime/ScriptableRenderer.cs:1306)
UnityEngine.Rendering.Universal.ScriptableRenderer:RecordCustomRenderGraphPasses (UnityEngine.Rendering.RenderGraphModule.RenderGraph,UnityEngine.Rendering.Universal.RenderPassEvent,UnityEngine.Rendering.Universal.RenderPassEvent) (at ./Library/PackageCache/com.unity.render-pipelines.universal@1e87cf1dccb8/Runtime/ScriptableRenderer.cs:1325)
UnityEngine.Rendering.Universal.ScriptableRenderer:RecordCustomRenderGraphPasses (UnityEngine.Rendering.RenderGraphModule.RenderGraph,UnityEngine.Rendering.Universal.RenderPassEvent) (at ./Library/PackageCache/com.unity.render-pipelines.universal@1e87cf1dccb8/Runtime/ScriptableRenderer.cs:1330)
UnityEngine.Rendering.Universal.UniversalRenderer:OnAfterRendering (UnityEngine.Rendering.RenderGraphModule.RenderGraph,bool) (at ./Library/PackageCache/com.unity.render-pipelines.universal@1e87cf1dccb8/Runtime/UniversalRendererRenderGraph.cs:1370)
UnityEngine.Rendering.Universal.UniversalRenderer:OnRecordRenderGraph (UnityEngine.Rendering.RenderGraphModule.RenderGraph,UnityEngine.Rendering.ScriptableRenderContext) (at ./Library/PackageCache/com.unity.render-pipelines.universal@1e87cf1dccb8/Runtime/UniversalRendererRenderGraph.cs:653)
UnityEngine.Rendering.Universal.ScriptableRenderer:RecordRenderGraph (UnityEngine.Rendering.RenderGraphModule.RenderGraph,UnityEngine.Rendering.ScriptableRenderContext) (at ./Library/PackageCache/com.unity.render-pipelines.universal@1e87cf1dccb8/Runtime/ScriptableRenderer.cs:1259)
UnityEngine.Rendering.Universal.UniversalRenderPipeline:RecordAndExecuteRenderGraph (UnityEngine.Rendering.RenderGraphModule.RenderGraph,UnityEngine.Rendering.ScriptableRenderContext,UnityEngine.Rendering.Universal.ScriptableRenderer,UnityEngine.Rendering.CommandBuffer,UnityEngine.Camera,UnityEngine.Rendering.RenderGraphModule.RenderTextureUVOriginStrategy) (at ./Library/PackageCache/com.unity.render-pipelines.universal@1e87cf1dccb8/Runtime/UniversalRenderPipelineRenderGraph.cs:23)
UnityEngine.Rendering.Universal.UniversalRenderPipeline:RenderSingleCamera (UnityEngine.Rendering.ScriptableRenderContext,UnityEngine.Rendering.Universal.UniversalCameraData) (at ./Library/PackageCache/com.unity.render-pipelines.universal@1e87cf1dccb8/Runtime/UniversalRenderPipeline.cs:902)
UnityEngine.Rendering.Universal.UniversalRenderPipeline:RenderSingleCameraInternal (UnityEngine.Rendering.ScriptableRenderContext,UnityEngine.Camera,UnityEngine.Rendering.Universal.UniversalAdditionalCameraData&,bool) (at ./Library/PackageCache/com.unity.render-pipelines.universal@1e87cf1dccb8/Runtime/UniversalRenderPipeline.cs:720)
UnityEngine.Rendering.Universal.UniversalRenderPipeline:RenderSingleCameraInternal (UnityEngine.Rendering.ScriptableRenderContext,UnityEngine.Camera,bool) (at ./Library/PackageCache/com.unity.render-pipelines.universal@1e87cf1dccb8/Runtime/UniversalRenderPipeline.cs:695)
UnityEngine.Rendering.Universal.UniversalRenderPipeline:Render (UnityEngine.Rendering.ScriptableRenderContext,System.Collections.Generic.List`1<UnityEngine.Camera>) (at ./Library/PackageCache/com.unity.render-pipelines.universal@1e87cf1dccb8/Runtime/UniversalRenderPipeline.cs:512)
UnityEngine.Rendering.RenderPipeline:InternalRender (UnityEngine.Rendering.ScriptableRenderContext,System.Collections.Generic.List`1<UnityEngine.Camera>)
UnityEngine.Rendering.RenderPipelineManager:DoRenderLoop_Internal (UnityEngine.Rendering.RenderPipelineAsset,intptr,UnityEngine.Object,Unity.Collections.LowLevel.Unsafe.AtomicSafetyHandle)
UnityEngine.Camera:Render ()
UnityEditor.PreviewRenderUtility:Render (bool,bool)
UnityEditor.GameObjectInspector:DoRenderPreview (UnityEditor.GameObjectInspector/PreviewData)
UnityEditor.GameObjectInspector:RenderStaticPreview (string,UnityEngine.Object[],int,int)
UnityEditor.AssetPreviewUpdater:CreatePreview (UnityEngine.Object,UnityEngine.Object[],string,int,int)
UnityEditor.AssetPreviewUpdater:CreatePreviewForAsset (UnityEngine.Object,UnityEngine.Object[],string)

(Filename: ./Library/PackageCache/com.unity.render-pipelines.universal@1e87cf1dccb8/Runtime/Passes/ScriptableRenderPass.cs Line: 756)

The render pass ToneMappingRenderPass does not have an implementation of the RecordRenderGraph method. Please implement this method, or consider turning on Compatibility Mode (RenderGraph disabled) in the menu Edit > Project Settings > Graphics > URP. Otherwise the render pass will have no effect. For more information, refer to https://docs.unity3d.com/Packages/com.unity.render-pipelines.universal@latest/index.html?subfolder=/manual/customizing-urp.html.
UnityEngine.Debug:ExtractStackTraceNoAlloc (byte*,int,string)
UnityEngine.StackTraceUtility:ExtractStackTrace ()
UnityEngine.DebugLogHandler:Internal_Log (UnityEngine.LogType,UnityEngine.LogOption,string,UnityEngine.Object)
UnityEngine.DebugLogHandler:LogFormat (UnityEngine.LogType,UnityEngine.Object,string,object[])
UnityEngine.Logger:Log (UnityEngine.LogType,object)
UnityEngine.Debug:LogWarning (object)
UnityEngine.Rendering.Universal.ScriptableRenderPass:RecordRenderGraph (UnityEngine.Rendering.RenderGraphModule.RenderGraph,UnityEngine.Rendering.ContextContainer) (at ./Library/PackageCache/com.unity.render-pipelines.universal@1e87cf1dccb8/Runtime/Passes/ScriptableRenderPass.cs:756)
ToneMappingRenderPass:RecordRenderGraph (UnityEngine.Rendering.RenderGraphModule.RenderGraph,UnityEngine.Rendering.ContextContainer) (at Assets/ToneMappingRenderPass.cs:18)
UnityEngine.Rendering.Universal.ScriptableRenderer:RecordCustomRenderGraphPassesInEventRange (UnityEngine.Rendering.RenderGraphModule.RenderGraph,UnityEngine.Rendering.Universal.RenderPassEvent,UnityEngine.Rendering.Universal.RenderPassEvent) (at ./Library/PackageCache/com.unity.render-pipelines.universal@1e87cf1dccb8/Runtime/ScriptableRenderer.cs:1306)
UnityEngine.Rendering.Universal.ScriptableRenderer:RecordCustomRenderGraphPasses (UnityEngine.Rendering.RenderGraphModule.RenderGraph,UnityEngine.Rendering.Universal.RenderPassEvent,UnityEngine.Rendering.Universal.RenderPassEvent) (at ./Library/PackageCache/com.unity.render-pipelines.universal@1e87cf1dccb8/Runtime/ScriptableRenderer.cs:1325)
UnityEngine.Rendering.Universal.ScriptableRenderer:RecordCustomRenderGraphPasses (UnityEngine.Rendering.RenderGraphModule.RenderGraph,UnityEngine.Rendering.Universal.RenderPassEvent) (at ./Library/PackageCache/com.unity.render-pipelines.universal@1e87cf1dccb8/Runtime/ScriptableRenderer.cs:1330)
UnityEngine.Rendering.Universal.UniversalRenderer:OnAfterRendering (UnityEngine.Rendering.RenderGraphModule.RenderGraph,bool) (at ./Library/PackageCache/com.unity.render-pipelines.universal@1e87cf1dccb8/Runtime/UniversalRendererRenderGraph.cs:1370)
UnityEngine.Rendering.Universal.UniversalRenderer:OnRecordRenderGraph (UnityEngine.Rendering.RenderGraphModule.RenderGraph,UnityEngine.Rendering.ScriptableRenderContext) (at ./Library/PackageCache/com.unity.render-pipelines.universal@1e87cf1dccb8/Runtime/UniversalRendererRenderGraph.cs:653)
UnityEngine.Rendering.Universal.ScriptableRenderer:RecordRenderGraph (UnityEngine.Rendering.RenderGraphModule.RenderGraph,UnityEngine.Rendering.ScriptableRenderContext) (at ./Library/PackageCache/com.unity.render-pipelines.universal@1e87cf1dccb8/Runtime/ScriptableRenderer.cs:1259)
UnityEngine.Rendering.Universal.UniversalRenderPipeline:RecordAndExecuteRenderGraph (UnityEngine.Rendering.RenderGraphModule.RenderGraph,UnityEngine.Rendering.ScriptableRenderContext,UnityEngine.Rendering.Universal.ScriptableRenderer,UnityEngine.Rendering.CommandBuffer,UnityEngine.Camera,UnityEngine.Rendering.RenderGraphModule.RenderTextureUVOriginStrategy) (at ./Library/PackageCache/com.unity.render-pipelines.universal@1e87cf1dccb8/Runtime/UniversalRenderPipelineRenderGraph.cs:23)
UnityEngine.Rendering.Universal.UniversalRenderPipeline:RenderSingleCamera (UnityEngine.Rendering.ScriptableRenderContext,UnityEngine.Rendering.Universal.UniversalCameraData) (at ./Library/PackageCache/com.unity.render-pipelines.universal@1e87cf1dccb8/Runtime/UniversalRenderPipeline.cs:902)
UnityEngine.Rendering.Universal.UniversalRenderPipeline:RenderSingleCameraInternal (UnityEngine.Rendering.ScriptableRenderContext,UnityEngine.Camera,UnityEngine.Rendering.Universal.UniversalAdditionalCameraData&,bool) (at ./Library/PackageCache/com.unity.render-pipelines.universal@1e87cf1dccb8/Runtime/UniversalRenderPipeline.cs:720)
UnityEngine.Rendering.Universal.UniversalRenderPipeline:RenderSingleCameraInternal (UnityEngine.Rendering.ScriptableRenderContext,UnityEngine.Camera,bool) (at ./Library/PackageCache/com.unity.render-pipelines.universal@1e87cf1dccb8/Runtime/UniversalRenderPipeline.cs:695)
UnityEngine.Rendering.Universal.UniversalRenderPipeline:Render (UnityEngine.Rendering.ScriptableRenderContext,System.Collections.Generic.List`1<UnityEngine.Camera>) (at ./Library/PackageCache/com.unity.render-pipelines.universal@1e87cf1dccb8/Runtime/UniversalRenderPipeline.cs:512)
UnityEngine.Rendering.RenderPipeline:InternalRender (UnityEngine.Rendering.ScriptableRenderContext,System.Collections.Generic.List`1<UnityEngine.Camera>)
UnityEngine.Rendering.RenderPipelineManager:DoRenderLoop_Internal (UnityEngine.Rendering.RenderPipelineAsset,intptr,UnityEngine.Object,Unity.Collections.LowLevel.Unsafe.AtomicSafetyHandle)
UnityEngine.Camera:Render ()
UnityEditor.PreviewRenderUtility:Render (bool,bool)
UnityEditor.GameObjectInspector:DoRenderPreview (UnityEditor.GameObjectInspector/PreviewData)
UnityEditor.GameObjectInspector:RenderStaticPreview (string,UnityEngine.Object[],int,int)
UnityEditor.AssetPreviewUpdater:CreatePreview (UnityEngine.Object,UnityEngine.Object[],string,int,int)
UnityEditor.AssetPreviewUpdater:CreatePreviewForAsset (UnityEngine.Object,UnityEngine.Object[],string)

(Filename: ./Library/PackageCache/com.unity.render-pipelines.universal@1e87cf1dccb8/Runtime/Passes/ScriptableRenderPass.cs Line: 756)

The render pass ToneMappingRenderPass does not have an implementation of the RecordRenderGraph method. Please implement this method, or consider turning on Compatibility Mode (RenderGraph disabled) in the menu Edit > Project Settings > Graphics > URP. Otherwise the render pass will have no effect. For more information, refer to https://docs.unity3d.com/Packages/com.unity.render-pipelines.universal@latest/index.html?subfolder=/manual/customizing-urp.html.
UnityEngine.Debug:ExtractStackTraceNoAlloc (byte*,int,string)
UnityEngine.StackTraceUtility:ExtractStackTrace ()
UnityEngine.DebugLogHandler:Internal_Log (UnityEngine.LogType,UnityEngine.LogOption,string,UnityEngine.Object)
UnityEngine.DebugLogHandler:LogFormat (UnityEngine.LogType,UnityEngine.Object,string,object[])
UnityEngine.Logger:Log (UnityEngine.LogType,object)
UnityEngine.Debug:LogWarning (object)
UnityEngine.Rendering.Universal.ScriptableRenderPass:RecordRenderGraph (UnityEngine.Rendering.RenderGraphModule.RenderGraph,UnityEngine.Rendering.ContextContainer) (at ./Library/PackageCache/com.unity.render-pipelines.universal@1e87cf1dccb8/Runtime/Passes/ScriptableRenderPass.cs:756)
ToneMappingRenderPass:RecordRenderGraph (UnityEngine.Rendering.RenderGraphModule.RenderGraph,UnityEngine.Rendering.ContextContainer) (at Assets/ToneMappingRenderPass.cs:18)
UnityEngine.Rendering.Universal.ScriptableRenderer:RecordCustomRenderGraphPassesInEventRange (UnityEngine.Rendering.RenderGraphModule.RenderGraph,UnityEngine.Rendering.Universal.RenderPassEvent,UnityEngine.Rendering.Universal.RenderPassEvent) (at ./Library/PackageCache/com.unity.render-pipelines.universal@1e87cf1dccb8/Runtime/ScriptableRenderer.cs:1306)
UnityEngine.Rendering.Universal.ScriptableRenderer:RecordCustomRenderGraphPasses (UnityEngine.Rendering.RenderGraphModule.RenderGraph,UnityEngine.Rendering.Universal.RenderPassEvent,UnityEngine.Rendering.Universal.RenderPassEvent) (at ./Library/PackageCache/com.unity.render-pipelines.universal@1e87cf1dccb8/Runtime/ScriptableRenderer.cs:1325)
UnityEngine.Rendering.Universal.ScriptableRenderer:RecordCustomRenderGraphPasses (UnityEngine.Rendering.RenderGraphModule.RenderGraph,UnityEngine.Rendering.Universal.RenderPassEvent) (at ./Library/PackageCache/com.unity.render-pipelines.universal@1e87cf1dccb8/Runtime/ScriptableRenderer.cs:1330)
UnityEngine.Rendering.Universal.UniversalRenderer:OnAfterRendering (UnityEngine.Rendering.RenderGraphModule.RenderGraph,bool) (at ./Library/PackageCache/com.unity.render-pipelines.universal@1e87cf1dccb8/Runtime/UniversalRendererRenderGraph.cs:1370)
UnityEngine.Rendering.Universal.UniversalRenderer:OnRecordRenderGraph (UnityEngine.Rendering.RenderGraphModule.RenderGraph,UnityEngine.Rendering.ScriptableRenderContext) (at ./Library/PackageCache/com.unity.render-pipelines.universal@1e87cf1dccb8/Runtime/UniversalRendererRenderGraph.cs:653)
UnityEngine.Rendering.Universal.ScriptableRenderer:RecordRenderGraph (UnityEngine.Rendering.RenderGraphModule.RenderGraph,UnityEngine.Rendering.ScriptableRenderContext) (at ./Library/PackageCache/com.unity.render-pipelines.universal@1e87cf1dccb8/Runtime/ScriptableRenderer.cs:1259)
UnityEngine.Rendering.Universal.UniversalRenderPipeline:RecordAndExecuteRenderGraph (UnityEngine.Rendering.RenderGraphModule.RenderGraph,UnityEngine.Rendering.ScriptableRenderContext,UnityEngine.Rendering.Universal.ScriptableRenderer,UnityEngine.Rendering.CommandBuffer,UnityEngine.Camera,UnityEngine.Rendering.RenderGraphModule.RenderTextureUVOriginStrategy) (at ./Library/PackageCache/com.unity.render-pipelines.universal@1e87cf1dccb8/Runtime/UniversalRenderPipelineRenderGraph.cs:23)
UnityEngine.Rendering.Universal.UniversalRenderPipeline:RenderSingleCamera (UnityEngine.Rendering.ScriptableRenderContext,UnityEngine.Rendering.Universal.UniversalCameraData) (at ./Library/PackageCache/com.unity.render-pipelines.universal@1e87cf1dccb8/Runtime/UniversalRenderPipeline.cs:902)
UnityEngine.Rendering.Universal.UniversalRenderPipeline:RenderSingleCameraInternal (UnityEngine.Rendering.ScriptableRenderContext,UnityEngine.Camera,UnityEngine.Rendering.Universal.UniversalAdditionalCameraData&,bool) (at ./Library/PackageCache/com.unity.render-pipelines.universal@1e87cf1dccb8/Runtime/UniversalRenderPipeline.cs:720)
UnityEngine.Rendering.Universal.UniversalRenderPipeline:RenderSingleCameraInternal (UnityEngine.Rendering.ScriptableRenderContext,UnityEngine.Camera,bool) (at ./Library/PackageCache/com.unity.render-pipelines.universal@1e87cf1dccb8/Runtime/UniversalRenderPipeline.cs:695)
UnityEngine.Rendering.Universal.UniversalRenderPipeline:Render (UnityEngine.Rendering.ScriptableRenderContext,System.Collections.Generic.List`1<UnityEngine.Camera>) (at ./Library/PackageCache/com.unity.render-pipelines.universal@1e87cf1dccb8/Runtime/UniversalRenderPipeline.cs:512)
UnityEngine.Rendering.RenderPipeline:InternalRender (UnityEngine.Rendering.ScriptableRenderContext,System.Collections.Generic.List`1<UnityEngine.Camera>)
UnityEngine.Rendering.RenderPipelineManager:DoRenderLoop_Internal (UnityEngine.Rendering.RenderPipelineAsset,intptr,UnityEngine.Object,Unity.Collections.LowLevel.Unsafe.AtomicSafetyHandle)
UnityEngine.Camera:Render ()
UnityEditor.PreviewRenderUtility:Render (bool,bool)
UnityEditor.MaterialEditor:DoRenderPreview (UnityEditor.PreviewRenderUtility,bool)
UnityEditor.MaterialEditor:RenderStaticPreview (string,UnityEngine.Object[],int,int)
UnityEditor.AssetPreviewUpdater:CreatePreview (UnityEngine.Object,UnityEngine.Object[],string,int,int)
UnityEditor.AssetPreviewUpdater:CreatePreviewForAsset (UnityEngine.Object,UnityEngine.Object[],string)

(Filename: ./Library/PackageCache/com.unity.render-pipelines.universal@1e87cf1dccb8/Runtime/Passes/ScriptableRenderPass.cs Line: 756)

The render pass ToneMappingRenderPass does not have an implementation of the RecordRenderGraph method. Please implement this method, or consider turning on Compatibility Mode (RenderGraph disabled) in the menu Edit > Project Settings > Graphics > URP. Otherwise the render pass will have no effect. For more information, refer to https://docs.unity3d.com/Packages/com.unity.render-pipelines.universal@latest/index.html?subfolder=/manual/customizing-urp.html.
UnityEngine.Debug:ExtractStackTraceNoAlloc (byte*,int,string)
UnityEngine.StackTraceUtility:ExtractStackTrace ()
UnityEngine.DebugLogHandler:Internal_Log (UnityEngine.LogType,UnityEngine.LogOption,string,UnityEngine.Object)
UnityEngine.DebugLogHandler:LogFormat (UnityEngine.LogType,UnityEngine.Object,string,object[])
UnityEngine.Logger:Log (UnityEngine.LogType,object)
UnityEngine.Debug:LogWarning (object)
UnityEngine.Rendering.Universal.ScriptableRenderPass:RecordRenderGraph (UnityEngine.Rendering.RenderGraphModule.RenderGraph,UnityEngine.Rendering.ContextContainer) (at ./Library/PackageCache/com.unity.render-pipelines.universal@1e87cf1dccb8/Runtime/Passes/ScriptableRenderPass.cs:756)
ToneMappingRenderPass:RecordRenderGraph (UnityEngine.Rendering.RenderGraphModule.RenderGraph,UnityEngine.Rendering.ContextContainer) (at Assets/ToneMappingRenderPass.cs:18)
UnityEngine.Rendering.Universal.ScriptableRenderer:RecordCustomRenderGraphPassesInEventRange (UnityEngine.Rendering.RenderGraphModule.RenderGraph,UnityEngine.Rendering.Universal.RenderPassEvent,UnityEngine.Rendering.Universal.RenderPassEvent) (at ./Library/PackageCache/com.unity.render-pipelines.universal@1e87cf1dccb8/Runtime/ScriptableRenderer.cs:1306)
UnityEngine.Rendering.Universal.ScriptableRenderer:RecordCustomRenderGraphPasses (UnityEngine.Rendering.RenderGraphModule.RenderGraph,UnityEngine.Rendering.Universal.RenderPassEvent,UnityEngine.Rendering.Universal.RenderPassEvent) (at ./Library/PackageCache/com.unity.render-pipelines.universal@1e87cf1dccb8/Runtime/ScriptableRenderer.cs:1325)
UnityEngine.Rendering.Universal.ScriptableRenderer:RecordCustomRenderGraphPasses (UnityEngine.Rendering.RenderGraphModule.RenderGraph,UnityEngine.Rendering.Universal.RenderPassEvent) (at ./Library/PackageCache/com.unity.render-pipelines.universal@1e87cf1dccb8/Runtime/ScriptableRenderer.cs:1330)
UnityEngine.Rendering.Universal.UniversalRenderer:OnAfterRendering (UnityEngine.Rendering.RenderGraphModule.RenderGraph,bool) (at ./Library/PackageCache/com.unity.render-pipelines.universal@1e87cf1dccb8/Runtime/UniversalRendererRenderGraph.cs:1370)
UnityEngine.Rendering.Universal.UniversalRenderer:OnRecordRenderGraph (UnityEngine.Rendering.RenderGraphModule.RenderGraph,UnityEngine.Rendering.ScriptableRenderContext) (at ./Library/PackageCache/com.unity.render-pipelines.universal@1e87cf1dccb8/Runtime/UniversalRendererRenderGraph.cs:653)
UnityEngine.Rendering.Universal.ScriptableRenderer:RecordRenderGraph (UnityEngine.Rendering.RenderGraphModule.RenderGraph,UnityEngine.Rendering.ScriptableRenderContext) (at ./Library/PackageCache/com.unity.render-pipelines.universal@1e87cf1dccb8/Runtime/ScriptableRenderer.cs:1259)
UnityEngine.Rendering.Universal.UniversalRenderPipeline:RecordAndExecuteRenderGraph (UnityEngine.Rendering.RenderGraphModule.RenderGraph,UnityEngine.Rendering.ScriptableRenderContext,UnityEngine.Rendering.Universal.ScriptableRenderer,UnityEngine.Rendering.CommandBuffer,UnityEngine.Camera,UnityEngine.Rendering.RenderGraphModule.RenderTextureUVOriginStrategy) (at ./Library/PackageCache/com.unity.render-pipelines.universal@1e87cf1dccb8/Runtime/UniversalRenderPipelineRenderGraph.cs:23)
UnityEngine.Rendering.Universal.UniversalRenderPipeline:RenderSingleCamera (UnityEngine.Rendering.ScriptableRenderContext,UnityEngine.Rendering.Universal.UniversalCameraData) (at ./Library/PackageCache/com.unity.render-pipelines.universal@1e87cf1dccb8/Runtime/UniversalRenderPipeline.cs:902)
UnityEngine.Rendering.Universal.UniversalRenderPipeline:RenderSingleCameraInternal (UnityEngine.Rendering.ScriptableRenderContext,UnityEngine.Camera,UnityEngine.Rendering.Universal.UniversalAdditionalCameraData&,bool) (at ./Library/PackageCache/com.unity.render-pipelines.universal@1e87cf1dccb8/Runtime/UniversalRenderPipeline.cs:720)
UnityEngine.Rendering.Universal.UniversalRenderPipeline:RenderSingleCameraInternal (UnityEngine.Rendering.ScriptableRenderContext,UnityEngine.Camera,bool) (at ./Library/PackageCache/com.unity.render-pipelines.universal@1e87cf1dccb8/Runtime/UniversalRenderPipeline.cs:695)
UnityEngine.Rendering.Universal.UniversalRenderPipeline:Render (UnityEngine.Rendering.ScriptableRenderContext,System.Collections.Generic.List`1<UnityEngine.Camera>) (at ./Library/PackageCache/com.unity.render-pipelines.universal@1e87cf1dccb8/Runtime/UniversalRenderPipeline.cs:512)
UnityEngine.Rendering.RenderPipeline:InternalRender (UnityEngine.Rendering.ScriptableRenderContext,System.Collections.Generic.List`1<UnityEngine.Camera>)
UnityEngine.Rendering.RenderPipelineManager:DoRenderLoop_Internal (UnityEngine.Rendering.RenderPipelineAsset,intptr,UnityEngine.Object,Unity.Collections.LowLevel.Unsafe.AtomicSafetyHandle)
UnityEngine.Camera:Render ()
UnityEditor.PreviewRenderUtility:Render (bool,bool)
UnityEditor.MaterialEditor:DoRenderPreview (UnityEditor.PreviewRenderUtility,bool)
UnityEditor.MaterialEditor:RenderStaticPreview (string,UnityEngine.Object[],int,int)
UnityEditor.AssetPreviewUpdater:CreatePreview (UnityEngine.Object,UnityEngine.Object[],string,int,int)
UnityEditor.AssetPreviewUpdater:CreatePreviewForAsset (UnityEngine.Object,UnityEngine.Object[],string)

(Filename: ./Library/PackageCache/com.unity.render-pipelines.universal@1e87cf1dccb8/Runtime/Passes/ScriptableRenderPass.cs Line: 756)

 -> (artifact id: '201b71a4b8e45ea3631bf0ef6776e58f') in 0.3427066 seconds
Number of updated asset objects reloaded before import = 0Number of asset objects unloaded after import = 14

========================================================================
Received Import Request.
  Time since last request: 0.000215 seconds.
  path: Packages/com.unity.render-pipelines.universal/Runtime/Materials/PhysicalMaterial3DsMax/PhysicalMaterial3DsMax.shadergraph
  artifactKey: Guid(44245ab89240f51459a5077d7145c452) Importer(815301076,1909f56bfc062723c751e8b465ee728b)
Start importing Packages/com.unity.render-pipelines.universal/Runtime/Materials/PhysicalMaterial3DsMax/PhysicalMaterial3DsMax.shadergraph using Guid(44245ab89240f51459a5077d7145c452) Importer(815301076,1909f56bfc062723c751e8b465ee728b) (PreviewImporter)The render pass ToneMappingRenderPass does not have an implementation of the RecordRenderGraph method. Please implement this method, or consider turning on Compatibility Mode (RenderGraph disabled) in the menu Edit > Project Settings > Graphics > URP. Otherwise the render pass will have no effect. For more information, refer to https://docs.unity3d.com/Packages/com.unity.render-pipelines.universal@latest/index.html?subfolder=/manual/customizing-urp.html.
UnityEngine.Debug:ExtractStackTraceNoAlloc (byte*,int,string)
UnityEngine.StackTraceUtility:ExtractStackTrace ()
UnityEngine.DebugLogHandler:Internal_Log (UnityEngine.LogType,UnityEngine.LogOption,string,UnityEngine.Object)
UnityEngine.DebugLogHandler:LogFormat (UnityEngine.LogType,UnityEngine.Object,string,object[])
UnityEngine.Logger:Log (UnityEngine.LogType,object)
UnityEngine.Debug:LogWarning (object)
UnityEngine.Rendering.Universal.ScriptableRenderPass:RecordRenderGraph (UnityEngine.Rendering.RenderGraphModule.RenderGraph,UnityEngine.Rendering.ContextContainer) (at ./Library/PackageCache/com.unity.render-pipelines.universal@1e87cf1dccb8/Runtime/Passes/ScriptableRenderPass.cs:756)
ToneMappingRenderPass:RecordRenderGraph (UnityEngine.Rendering.RenderGraphModule.RenderGraph,UnityEngine.Rendering.ContextContainer) (at Assets/ToneMappingRenderPass.cs:18)
UnityEngine.Rendering.Universal.ScriptableRenderer:RecordCustomRenderGraphPassesInEventRange (UnityEngine.Rendering.RenderGraphModule.RenderGraph,UnityEngine.Rendering.Universal.RenderPassEvent,UnityEngine.Rendering.Universal.RenderPassEvent) (at ./Library/PackageCache/com.unity.render-pipelines.universal@1e87cf1dccb8/Runtime/ScriptableRenderer.cs:1306)
UnityEngine.Rendering.Universal.ScriptableRenderer:RecordCustomRenderGraphPasses (UnityEngine.Rendering.RenderGraphModule.RenderGraph,UnityEngine.Rendering.Universal.RenderPassEvent,UnityEngine.Rendering.Universal.RenderPassEvent) (at ./Library/PackageCache/com.unity.render-pipelines.universal@1e87cf1dccb8/Runtime/ScriptableRenderer.cs:1325)
UnityEngine.Rendering.Universal.ScriptableRenderer:RecordCustomRenderGraphPasses (UnityEngine.Rendering.RenderGraphModule.RenderGraph,UnityEngine.Rendering.Universal.RenderPassEvent) (at ./Library/PackageCache/com.unity.render-pipelines.universal@1e87cf1dccb8/Runtime/ScriptableRenderer.cs:1330)
UnityEngine.Rendering.Universal.UniversalRenderer:OnAfterRendering (UnityEngine.Rendering.RenderGraphModule.RenderGraph,bool) (at ./Library/PackageCache/com.unity.render-pipelines.universal@1e87cf1dccb8/Runtime/UniversalRendererRenderGraph.cs:1370)
UnityEngine.Rendering.Universal.UniversalRenderer:OnRecordRenderGraph (UnityEngine.Rendering.RenderGraphModule.RenderGraph,UnityEngine.Rendering.ScriptableRenderContext) (at ./Library/PackageCache/com.unity.render-pipelines.universal@1e87cf1dccb8/Runtime/UniversalRendererRenderGraph.cs:653)
UnityEngine.Rendering.Universal.ScriptableRenderer:RecordRenderGraph (UnityEngine.Rendering.RenderGraphModule.RenderGraph,UnityEngine.Rendering.ScriptableRenderContext) (at ./Library/PackageCache/com.unity.render-pipelines.universal@1e87cf1dccb8/Runtime/ScriptableRenderer.cs:1259)
UnityEngine.Rendering.Universal.UniversalRenderPipeline:RecordAndExecuteRenderGraph (UnityEngine.Rendering.RenderGraphModule.RenderGraph,UnityEngine.Rendering.ScriptableRenderContext,UnityEngine.Rendering.Universal.ScriptableRenderer,UnityEngine.Rendering.CommandBuffer,UnityEngine.Camera,UnityEngine.Rendering.RenderGraphModule.RenderTextureUVOriginStrategy) (at ./Library/PackageCache/com.unity.render-pipelines.universal@1e87cf1dccb8/Runtime/UniversalRenderPipelineRenderGraph.cs:23)
UnityEngine.Rendering.Universal.UniversalRenderPipeline:RenderSingleCamera (UnityEngine.Rendering.ScriptableRenderContext,UnityEngine.Rendering.Universal.UniversalCameraData) (at ./Library/PackageCache/com.unity.render-pipelines.universal@1e87cf1dccb8/Runtime/UniversalRenderPipeline.cs:902)
UnityEngine.Rendering.Universal.UniversalRenderPipeline:RenderSingleCameraInternal (UnityEngine.Rendering.ScriptableRenderContext,UnityEngine.Camera,UnityEngine.Rendering.Universal.UniversalAdditionalCameraData&,bool) (at ./Library/PackageCache/com.unity.render-pipelines.universal@1e87cf1dccb8/Runtime/UniversalRenderPipeline.cs:720)
UnityEngine.Rendering.Universal.UniversalRenderPipeline:RenderSingleCameraInternal (UnityEngine.Rendering.ScriptableRenderContext,UnityEngine.Camera,bool) (at ./Library/PackageCache/com.unity.render-pipelines.universal@1e87cf1dccb8/Runtime/UniversalRenderPipeline.cs:695)
UnityEngine.Rendering.Universal.UniversalRenderPipeline:Render (UnityEngine.Rendering.ScriptableRenderContext,System.Collections.Generic.List`1<UnityEngine.Camera>) (at ./Library/PackageCache/com.unity.render-pipelines.universal@1e87cf1dccb8/Runtime/UniversalRenderPipeline.cs:512)
UnityEngine.Rendering.RenderPipeline:InternalRender (UnityEngine.Rendering.ScriptableRenderContext,System.Collections.Generic.List`1<UnityEngine.Camera>)
UnityEngine.Rendering.RenderPipelineManager:DoRenderLoop_Internal (UnityEngine.Rendering.RenderPipelineAsset,intptr,UnityEngine.Object,Unity.Collections.LowLevel.Unsafe.AtomicSafetyHandle)
UnityEngine.Camera:Render ()
UnityEditor.PreviewRenderUtility:Render (bool,bool)
UnityEditor.MaterialEditor:DoRenderPreview (UnityEditor.PreviewRenderUtility,bool)
UnityEditor.MaterialEditor:RenderStaticPreview (string,UnityEngine.Object[],int,int)
UnityEditor.AssetPreviewUpdater:CreatePreview (UnityEngine.Object,UnityEngine.Object[],string,int,int)
UnityEditor.AssetPreviewUpdater:CreatePreviewForAsset (UnityEngine.Object,UnityEngine.Object[],string)

(Filename: ./Library/PackageCache/com.unity.render-pipelines.universal@1e87cf1dccb8/Runtime/Passes/ScriptableRenderPass.cs Line: 756)

 -> (artifact id: '6608621e19c5cad46f4737acf8b4ee4e') in 5.2104947 seconds
Number of updated asset objects reloaded before import = 0Number of asset objects unloaded after import = 5

========================================================================
Received Import Request.
  Time since last request: 0.000059 seconds.
  path: Packages/com.unity.searcher/Editor/Resources/FlatSkin/Font/Roboto-Bold.ttf
  artifactKey: Guid(3750c318f40cab44a97d3a81beaefeb3) Importer(815301076,1909f56bfc062723c751e8b465ee728b)
Start importing Packages/com.unity.searcher/Editor/Resources/FlatSkin/Font/Roboto-Bold.ttf using Guid(3750c318f40cab44a97d3a81beaefeb3) Importer(815301076,1909f56bfc062723c751e8b465ee728b) (PreviewImporter)The render pass ToneMappingRenderPass does not have an implementation of the RecordRenderGraph method. Please implement this method, or consider turning on Compatibility Mode (RenderGraph disabled) in the menu Edit > Project Settings > Graphics > URP. Otherwise the render pass will have no effect. For more information, refer to https://docs.unity3d.com/Packages/com.unity.render-pipelines.universal@latest/index.html?subfolder=/manual/customizing-urp.html.
UnityEngine.Debug:ExtractStackTraceNoAlloc (byte*,int,string)
UnityEngine.StackTraceUtility:ExtractStackTrace ()
UnityEngine.DebugLogHandler:Internal_Log (UnityEngine.LogType,UnityEngine.LogOption,string,UnityEngine.Object)
UnityEngine.DebugLogHandler:LogFormat (UnityEngine.LogType,UnityEngine.Object,string,object[])
UnityEngine.Logger:Log (UnityEngine.LogType,object)
UnityEngine.Debug:LogWarning (object)
UnityEngine.Rendering.Universal.ScriptableRenderPass:RecordRenderGraph (UnityEngine.Rendering.RenderGraphModule.RenderGraph,UnityEngine.Rendering.ContextContainer) (at ./Library/PackageCache/com.unity.render-pipelines.universal@1e87cf1dccb8/Runtime/Passes/ScriptableRenderPass.cs:756)
ToneMappingRenderPass:RecordRenderGraph (UnityEngine.Rendering.RenderGraphModule.RenderGraph,UnityEngine.Rendering.ContextContainer) (at Assets/ToneMappingRenderPass.cs:18)
UnityEngine.Rendering.Universal.ScriptableRenderer:RecordCustomRenderGraphPassesInEventRange (UnityEngine.Rendering.RenderGraphModule.RenderGraph,UnityEngine.Rendering.Universal.RenderPassEvent,UnityEngine.Rendering.Universal.RenderPassEvent) (at ./Library/PackageCache/com.unity.render-pipelines.universal@1e87cf1dccb8/Runtime/ScriptableRenderer.cs:1306)
UnityEngine.Rendering.Universal.ScriptableRenderer:RecordCustomRenderGraphPasses (UnityEngine.Rendering.RenderGraphModule.RenderGraph,UnityEngine.Rendering.Universal.RenderPassEvent,UnityEngine.Rendering.Universal.RenderPassEvent) (at ./Library/PackageCache/com.unity.render-pipelines.universal@1e87cf1dccb8/Runtime/ScriptableRenderer.cs:1325)
UnityEngine.Rendering.Universal.ScriptableRenderer:RecordCustomRenderGraphPasses (UnityEngine.Rendering.RenderGraphModule.RenderGraph,UnityEngine.Rendering.Universal.RenderPassEvent) (at ./Library/PackageCache/com.unity.render-pipelines.universal@1e87cf1dccb8/Runtime/ScriptableRenderer.cs:1330)
UnityEngine.Rendering.Universal.UniversalRenderer:OnAfterRendering (UnityEngine.Rendering.RenderGraphModule.RenderGraph,bool) (at ./Library/PackageCache/com.unity.render-pipelines.universal@1e87cf1dccb8/Runtime/UniversalRendererRenderGraph.cs:1370)
UnityEngine.Rendering.Universal.UniversalRenderer:OnRecordRenderGraph (UnityEngine.Rendering.RenderGraphModule.RenderGraph,UnityEngine.Rendering.ScriptableRenderContext) (at ./Library/PackageCache/com.unity.render-pipelines.universal@1e87cf1dccb8/Runtime/UniversalRendererRenderGraph.cs:653)
UnityEngine.Rendering.Universal.ScriptableRenderer:RecordRenderGraph (UnityEngine.Rendering.RenderGraphModule.RenderGraph,UnityEngine.Rendering.ScriptableRenderContext) (at ./Library/PackageCache/com.unity.render-pipelines.universal@1e87cf1dccb8/Runtime/ScriptableRenderer.cs:1259)
UnityEngine.Rendering.Universal.UniversalRenderPipeline:RecordAndExecuteRenderGraph (UnityEngine.Rendering.RenderGraphModule.RenderGraph,UnityEngine.Rendering.ScriptableRenderContext,UnityEngine.Rendering.Universal.ScriptableRenderer,UnityEngine.Rendering.CommandBuffer,UnityEngine.Camera,UnityEngine.Rendering.RenderGraphModule.RenderTextureUVOriginStrategy) (at ./Library/PackageCache/com.unity.render-pipelines.universal@1e87cf1dccb8/Runtime/UniversalRenderPipelineRenderGraph.cs:23)
UnityEngine.Rendering.Universal.UniversalRenderPipeline:RenderSingleCamera (UnityEngine.Rendering.ScriptableRenderContext,UnityEngine.Rendering.Universal.UniversalCameraData) (at ./Library/PackageCache/com.unity.render-pipelines.universal@1e87cf1dccb8/Runtime/UniversalRenderPipeline.cs:902)
UnityEngine.Rendering.Universal.UniversalRenderPipeline:RenderSingleCameraInternal (UnityEngine.Rendering.ScriptableRenderContext,UnityEngine.Camera,UnityEngine.Rendering.Universal.UniversalAdditionalCameraData&,bool) (at ./Library/PackageCache/com.unity.render-pipelines.universal@1e87cf1dccb8/Runtime/UniversalRenderPipeline.cs:720)
UnityEngine.Rendering.Universal.UniversalRenderPipeline:RenderSingleCameraInternal (UnityEngine.Rendering.ScriptableRenderContext,UnityEngine.Camera,bool) (at ./Library/PackageCache/com.unity.render-pipelines.universal@1e87cf1dccb8/Runtime/UniversalRenderPipeline.cs:695)
UnityEngine.Rendering.Universal.UniversalRenderPipeline:Render (UnityEngine.Rendering.ScriptableRenderContext,System.Collections.Generic.List`1<UnityEngine.Camera>) (at ./Library/PackageCache/com.unity.render-pipelines.universal@1e87cf1dccb8/Runtime/UniversalRenderPipeline.cs:512)
UnityEngine.Rendering.RenderPipeline:InternalRender (UnityEngine.Rendering.ScriptableRenderContext,System.Collections.Generic.List`1<UnityEngine.Camera>)
UnityEngine.Rendering.RenderPipelineManager:DoRenderLoop_Internal (UnityEngine.Rendering.RenderPipelineAsset,intptr,UnityEngine.Object,Unity.Collections.LowLevel.Unsafe.AtomicSafetyHandle)
UnityEngine.Camera:Render ()
UnityEditor.PreviewRenderUtility:Render (bool,bool)
UnityEditor.MaterialEditor:DoRenderPreview (UnityEditor.PreviewRenderUtility,bool)
UnityEditor.MaterialEditor:RenderStaticPreview (string,UnityEngine.Object[],int,int)
UnityEditor.AssetPreviewUpdater:CreatePreview (UnityEngine.Object,UnityEngine.Object[],string,int,int)
UnityEditor.AssetPreviewUpdater:CreatePreviewForAsset (UnityEngine.Object,UnityEngine.Object[],string)

(Filename: ./Library/PackageCache/com.unity.render-pipelines.universal@1e87cf1dccb8/Runtime/Passes/ScriptableRenderPass.cs Line: 756)

 -> (artifact id: '5f79d60f0063c9196d9194a5c9797584') in 0.0238081 seconds
Number of updated asset objects reloaded before import = 0Number of asset objects unloaded after import = 4

========================================================================
Received Import Request.
  Time since last request: 0.000034 seconds.
  path: Packages/com.unity.searcher/Editor/Resources/FlatSkin/Font/Roboto-Italic.ttf
  artifactKey: Guid(c839255fc8f6b4b4d90bf8c1af9f9bd1) Importer(815301076,1909f56bfc062723c751e8b465ee728b)
Start importing Packages/com.unity.searcher/Editor/Resources/FlatSkin/Font/Roboto-Italic.ttf using Guid(c839255fc8f6b4b4d90bf8c1af9f9bd1) Importer(815301076,1909f56bfc062723c751e8b465ee728b) (PreviewImporter)The render pass ToneMappingRenderPass does not have an implementation of the RecordRenderGraph method. Please implement this method, or consider turning on Compatibility Mode (RenderGraph disabled) in the menu Edit > Project Settings > Graphics > URP. Otherwise the render pass will have no effect. For more information, refer to https://docs.unity3d.com/Packages/com.unity.render-pipelines.universal@latest/index.html?subfolder=/manual/customizing-urp.html.
UnityEngine.Debug:ExtractStackTraceNoAlloc (byte*,int,string)
UnityEngine.StackTraceUtility:ExtractStackTrace ()
UnityEngine.DebugLogHandler:Internal_Log (UnityEngine.LogType,UnityEngine.LogOption,string,UnityEngine.Object)
UnityEngine.DebugLogHandler:LogFormat (UnityEngine.LogType,UnityEngine.Object,string,object[])
UnityEngine.Logger:Log (UnityEngine.LogType,object)
UnityEngine.Debug:LogWarning (object)
UnityEngine.Rendering.Universal.ScriptableRenderPass:RecordRenderGraph (UnityEngine.Rendering.RenderGraphModule.RenderGraph,UnityEngine.Rendering.ContextContainer) (at ./Library/PackageCache/com.unity.render-pipelines.universal@1e87cf1dccb8/Runtime/Passes/ScriptableRenderPass.cs:756)
ToneMappingRenderPass:RecordRenderGraph (UnityEngine.Rendering.RenderGraphModule.RenderGraph,UnityEngine.Rendering.ContextContainer) (at Assets/ToneMappingRenderPass.cs:18)
UnityEngine.Rendering.Universal.ScriptableRenderer:RecordCustomRenderGraphPassesInEventRange (UnityEngine.Rendering.RenderGraphModule.RenderGraph,UnityEngine.Rendering.Universal.RenderPassEvent,UnityEngine.Rendering.Universal.RenderPassEvent) (at ./Library/PackageCache/com.unity.render-pipelines.universal@1e87cf1dccb8/Runtime/ScriptableRenderer.cs:1306)
UnityEngine.Rendering.Universal.ScriptableRenderer:RecordCustomRenderGraphPasses (UnityEngine.Rendering.RenderGraphModule.RenderGraph,UnityEngine.Rendering.Universal.RenderPassEvent,UnityEngine.Rendering.Universal.RenderPassEvent) (at ./Library/PackageCache/com.unity.render-pipelines.universal@1e87cf1dccb8/Runtime/ScriptableRenderer.cs:1325)
UnityEngine.Rendering.Universal.ScriptableRenderer:RecordCustomRenderGraphPasses (UnityEngine.Rendering.RenderGraphModule.RenderGraph,UnityEngine.Rendering.Universal.RenderPassEvent) (at ./Library/PackageCache/com.unity.render-pipelines.universal@1e87cf1dccb8/Runtime/ScriptableRenderer.cs:1330)
UnityEngine.Rendering.Universal.UniversalRenderer:OnAfterRendering (UnityEngine.Rendering.RenderGraphModule.RenderGraph,bool) (at ./Library/PackageCache/com.unity.render-pipelines.universal@1e87cf1dccb8/Runtime/UniversalRendererRenderGraph.cs:1370)
UnityEngine.Rendering.Universal.UniversalRenderer:OnRecordRenderGraph (UnityEngine.Rendering.RenderGraphModule.RenderGraph,UnityEngine.Rendering.ScriptableRenderContext) (at ./Library/PackageCache/com.unity.render-pipelines.universal@1e87cf1dccb8/Runtime/UniversalRendererRenderGraph.cs:653)
UnityEngine.Rendering.Universal.ScriptableRenderer:RecordRenderGraph (UnityEngine.Rendering.RenderGraphModule.RenderGraph,UnityEngine.Rendering.ScriptableRenderContext) (at ./Library/PackageCache/com.unity.render-pipelines.universal@1e87cf1dccb8/Runtime/ScriptableRenderer.cs:1259)
UnityEngine.Rendering.Universal.UniversalRenderPipeline:RecordAndExecuteRenderGraph (UnityEngine.Rendering.RenderGraphModule.RenderGraph,UnityEngine.Rendering.ScriptableRenderContext,UnityEngine.Rendering.Universal.ScriptableRenderer,UnityEngine.Rendering.CommandBuffer,UnityEngine.Camera,UnityEngine.Rendering.RenderGraphModule.RenderTextureUVOriginStrategy) (at ./Library/PackageCache/com.unity.render-pipelines.universal@1e87cf1dccb8/Runtime/UniversalRenderPipelineRenderGraph.cs:23)
UnityEngine.Rendering.Universal.UniversalRenderPipeline:RenderSingleCamera (UnityEngine.Rendering.ScriptableRenderContext,UnityEngine.Rendering.Universal.UniversalCameraData) (at ./Library/PackageCache/com.unity.render-pipelines.universal@1e87cf1dccb8/Runtime/UniversalRenderPipeline.cs:902)
UnityEngine.Rendering.Universal.UniversalRenderPipeline:RenderSingleCameraInternal (UnityEngine.Rendering.ScriptableRenderContext,UnityEngine.Camera,UnityEngine.Rendering.Universal.UniversalAdditionalCameraData&,bool) (at ./Library/PackageCache/com.unity.render-pipelines.universal@1e87cf1dccb8/Runtime/UniversalRenderPipeline.cs:720)
UnityEngine.Rendering.Universal.UniversalRenderPipeline:RenderSingleCameraInternal (UnityEngine.Rendering.ScriptableRenderContext,UnityEngine.Camera,bool) (at ./Library/PackageCache/com.unity.render-pipelines.universal@1e87cf1dccb8/Runtime/UniversalRenderPipeline.cs:695)
UnityEngine.Rendering.Universal.UniversalRenderPipeline:Render (UnityEngine.Rendering.ScriptableRenderContext,System.Collections.Generic.List`1<UnityEngine.Camera>) (at ./Library/PackageCache/com.unity.render-pipelines.universal@1e87cf1dccb8/Runtime/UniversalRenderPipeline.cs:512)
UnityEngine.Rendering.RenderPipeline:InternalRender (UnityEngine.Rendering.ScriptableRenderContext,System.Collections.Generic.List`1<UnityEngine.Camera>)
UnityEngine.Rendering.RenderPipelineManager:DoRenderLoop_Internal (UnityEngine.Rendering.RenderPipelineAsset,intptr,UnityEngine.Object,Unity.Collections.LowLevel.Unsafe.AtomicSafetyHandle)
UnityEngine.Camera:Render ()
UnityEditor.PreviewRenderUtility:Render (bool,bool)
UnityEditor.MaterialEditor:DoRenderPreview (UnityEditor.PreviewRenderUtility,bool)
UnityEditor.MaterialEditor:RenderStaticPreview (string,UnityEngine.Object[],int,int)
UnityEditor.AssetPreviewUpdater:CreatePreview (UnityEngine.Object,UnityEngine.Object[],string,int,int)
UnityEditor.AssetPreviewUpdater:CreatePreviewForAsset (UnityEngine.Object,UnityEngine.Object[],string)

(Filename: ./Library/PackageCache/com.unity.render-pipelines.universal@1e87cf1dccb8/Runtime/Passes/ScriptableRenderPass.cs Line: 756)

 -> (artifact id: '900390318841d8f718dbe87d8bb49263') in 0.0171645 seconds
Number of updated asset objects reloaded before import = 0Number of asset objects unloaded after import = 4

========================================================================
Received Import Request.
  Time since last request: 0.000346 seconds.
  path: Packages/com.unity.searcher/Editor/Resources/FlatSkin/Font/Roboto-ThinItalic.ttf
  artifactKey: Guid(b2ea3b3f1765e544b9eb5bd1a93a91ce) Importer(815301076,1909f56bfc062723c751e8b465ee728b)
Start importing Packages/com.unity.searcher/Editor/Resources/FlatSkin/Font/Roboto-ThinItalic.ttf using Guid(b2ea3b3f1765e544b9eb5bd1a93a91ce) Importer(815301076,1909f56bfc062723c751e8b465ee728b) (PreviewImporter)The render pass ToneMappingRenderPass does not have an implementation of the RecordRenderGraph method. Please implement this method, or consider turning on Compatibility Mode (RenderGraph disabled) in the menu Edit > Project Settings > Graphics > URP. Otherwise the render pass will have no effect. For more information, refer to https://docs.unity3d.com/Packages/com.unity.render-pipelines.universal@latest/index.html?subfolder=/manual/customizing-urp.html.
UnityEngine.Debug:ExtractStackTraceNoAlloc (byte*,int,string)
UnityEngine.StackTraceUtility:ExtractStackTrace ()
UnityEngine.DebugLogHandler:Internal_Log (UnityEngine.LogType,UnityEngine.LogOption,string,UnityEngine.Object)
UnityEngine.DebugLogHandler:LogFormat (UnityEngine.LogType,UnityEngine.Object,string,object[])
UnityEngine.Logger:Log (UnityEngine.LogType,object)
UnityEngine.Debug:LogWarning (object)
UnityEngine.Rendering.Universal.ScriptableRenderPass:RecordRenderGraph (UnityEngine.Rendering.RenderGraphModule.RenderGraph,UnityEngine.Rendering.ContextContainer) (at ./Library/PackageCache/com.unity.render-pipelines.universal@1e87cf1dccb8/Runtime/Passes/ScriptableRenderPass.cs:756)
ToneMappingRenderPass:RecordRenderGraph (UnityEngine.Rendering.RenderGraphModule.RenderGraph,UnityEngine.Rendering.ContextContainer) (at Assets/ToneMappingRenderPass.cs:18)
UnityEngine.Rendering.Universal.ScriptableRenderer:RecordCustomRenderGraphPassesInEventRange (UnityEngine.Rendering.RenderGraphModule.RenderGraph,UnityEngine.Rendering.Universal.RenderPassEvent,UnityEngine.Rendering.Universal.RenderPassEvent) (at ./Library/PackageCache/com.unity.render-pipelines.universal@1e87cf1dccb8/Runtime/ScriptableRenderer.cs:1306)
UnityEngine.Rendering.Universal.ScriptableRenderer:RecordCustomRenderGraphPasses (UnityEngine.Rendering.RenderGraphModule.RenderGraph,UnityEngine.Rendering.Universal.RenderPassEvent,UnityEngine.Rendering.Universal.RenderPassEvent) (at ./Library/PackageCache/com.unity.render-pipelines.universal@1e87cf1dccb8/Runtime/ScriptableRenderer.cs:1325)
UnityEngine.Rendering.Universal.ScriptableRenderer:RecordCustomRenderGraphPasses (UnityEngine.Rendering.RenderGraphModule.RenderGraph,UnityEngine.Rendering.Universal.RenderPassEvent) (at ./Library/PackageCache/com.unity.render-pipelines.universal@1e87cf1dccb8/Runtime/ScriptableRenderer.cs:1330)
UnityEngine.Rendering.Universal.UniversalRenderer:OnAfterRendering (UnityEngine.Rendering.RenderGraphModule.RenderGraph,bool) (at ./Library/PackageCache/com.unity.render-pipelines.universal@1e87cf1dccb8/Runtime/UniversalRendererRenderGraph.cs:1370)
UnityEngine.Rendering.Universal.UniversalRenderer:OnRecordRenderGraph (UnityEngine.Rendering.RenderGraphModule.RenderGraph,UnityEngine.Rendering.ScriptableRenderContext) (at ./Library/PackageCache/com.unity.render-pipelines.universal@1e87cf1dccb8/Runtime/UniversalRendererRenderGraph.cs:653)
UnityEngine.Rendering.Universal.ScriptableRenderer:RecordRenderGraph (UnityEngine.Rendering.RenderGraphModule.RenderGraph,UnityEngine.Rendering.ScriptableRenderContext) (at ./Library/PackageCache/com.unity.render-pipelines.universal@1e87cf1dccb8/Runtime/ScriptableRenderer.cs:1259)
UnityEngine.Rendering.Universal.UniversalRenderPipeline:RecordAndExecuteRenderGraph (UnityEngine.Rendering.RenderGraphModule.RenderGraph,UnityEngine.Rendering.ScriptableRenderContext,UnityEngine.Rendering.Universal.ScriptableRenderer,UnityEngine.Rendering.CommandBuffer,UnityEngine.Camera,UnityEngine.Rendering.RenderGraphModule.RenderTextureUVOriginStrategy) (at ./Library/PackageCache/com.unity.render-pipelines.universal@1e87cf1dccb8/Runtime/UniversalRenderPipelineRenderGraph.cs:23)
UnityEngine.Rendering.Universal.UniversalRenderPipeline:RenderSingleCamera (UnityEngine.Rendering.ScriptableRenderContext,UnityEngine.Rendering.Universal.UniversalCameraData) (at ./Library/PackageCache/com.unity.render-pipelines.universal@1e87cf1dccb8/Runtime/UniversalRenderPipeline.cs:902)
UnityEngine.Rendering.Universal.UniversalRenderPipeline:RenderSingleCameraInternal (UnityEngine.Rendering.ScriptableRenderContext,UnityEngine.Camera,UnityEngine.Rendering.Universal.UniversalAdditionalCameraData&,bool) (at ./Library/PackageCache/com.unity.render-pipelines.universal@1e87cf1dccb8/Runtime/UniversalRenderPipeline.cs:720)
UnityEngine.Rendering.Universal.UniversalRenderPipeline:RenderSingleCameraInternal (UnityEngine.Rendering.ScriptableRenderContext,UnityEngine.Camera,bool) (at ./Library/PackageCache/com.unity.render-pipelines.universal@1e87cf1dccb8/Runtime/UniversalRenderPipeline.cs:695)
UnityEngine.Rendering.Universal.UniversalRenderPipeline:Render (UnityEngine.Rendering.ScriptableRenderContext,System.Collections.Generic.List`1<UnityEngine.Camera>) (at ./Library/PackageCache/com.unity.render-pipelines.universal@1e87cf1dccb8/Runtime/UniversalRenderPipeline.cs:512)
UnityEngine.Rendering.RenderPipeline:InternalRender (UnityEngine.Rendering.ScriptableRenderContext,System.Collections.Generic.List`1<UnityEngine.Camera>)
UnityEngine.Rendering.RenderPipelineManager:DoRenderLoop_Internal (UnityEngine.Rendering.RenderPipelineAsset,intptr,UnityEngine.Object,Unity.Collections.LowLevel.Unsafe.AtomicSafetyHandle)
UnityEngine.Camera:Render ()
UnityEditor.PreviewRenderUtility:Render (bool,bool)
UnityEditor.MaterialEditor:DoRenderPreview (UnityEditor.PreviewRenderUtility,bool)
UnityEditor.MaterialEditor:RenderStaticPreview (string,UnityEngine.Object[],int,int)
UnityEditor.AssetPreviewUpdater:CreatePreview (UnityEngine.Object,UnityEngine.Object[],string,int,int)
UnityEditor.AssetPreviewUpdater:CreatePreviewForAsset (UnityEngine.Object,UnityEngine.Object[],string)

(Filename: ./Library/PackageCache/com.unity.render-pipelines.universal@1e87cf1dccb8/Runtime/Passes/ScriptableRenderPass.cs Line: 756)

 -> (artifact id: '75252554b974e4b07fdfa400de9bc3ef') in 0.0227134 seconds
Number of updated asset objects reloaded before import = 0Number of asset objects unloaded after import = 4

========================================================================
Received Import Request.
  Time since last request: 0.000060 seconds.
  path: Packages/com.unity.shadergraph/GraphTemplates/Cross Pipeline/2_Particle Lit.shadergraph
  artifactKey: Guid(a680d9a9f8b66514abbfd3ae1c8f77f7) Importer(815301076,1909f56bfc062723c751e8b465ee728b)
Start importing Packages/com.unity.shadergraph/GraphTemplates/Cross Pipeline/2_Particle Lit.shadergraph using Guid(a680d9a9f8b66514abbfd3ae1c8f77f7) Importer(815301076,1909f56bfc062723c751e8b465ee728b) (PreviewImporter)The render pass ToneMappingRenderPass does not have an implementation of the RecordRenderGraph method. Please implement this method, or consider turning on Compatibility Mode (RenderGraph disabled) in the menu Edit > Project Settings > Graphics > URP. Otherwise the render pass will have no effect. For more information, refer to https://docs.unity3d.com/Packages/com.unity.render-pipelines.universal@latest/index.html?subfolder=/manual/customizing-urp.html.
UnityEngine.Debug:ExtractStackTraceNoAlloc (byte*,int,string)
UnityEngine.StackTraceUtility:ExtractStackTrace ()
UnityEngine.DebugLogHandler:Internal_Log (UnityEngine.LogType,UnityEngine.LogOption,string,UnityEngine.Object)
UnityEngine.DebugLogHandler:LogFormat (UnityEngine.LogType,UnityEngine.Object,string,object[])
UnityEngine.Logger:Log (UnityEngine.LogType,object)
UnityEngine.Debug:LogWarning (object)
UnityEngine.Rendering.Universal.ScriptableRenderPass:RecordRenderGraph (UnityEngine.Rendering.RenderGraphModule.RenderGraph,UnityEngine.Rendering.ContextContainer) (at ./Library/PackageCache/com.unity.render-pipelines.universal@1e87cf1dccb8/Runtime/Passes/ScriptableRenderPass.cs:756)
ToneMappingRenderPass:RecordRenderGraph (UnityEngine.Rendering.RenderGraphModule.RenderGraph,UnityEngine.Rendering.ContextContainer) (at Assets/ToneMappingRenderPass.cs:18)
UnityEngine.Rendering.Universal.ScriptableRenderer:RecordCustomRenderGraphPassesInEventRange (UnityEngine.Rendering.RenderGraphModule.RenderGraph,UnityEngine.Rendering.Universal.RenderPassEvent,UnityEngine.Rendering.Universal.RenderPassEvent) (at ./Library/PackageCache/com.unity.render-pipelines.universal@1e87cf1dccb8/Runtime/ScriptableRenderer.cs:1306)
UnityEngine.Rendering.Universal.ScriptableRenderer:RecordCustomRenderGraphPasses (UnityEngine.Rendering.RenderGraphModule.RenderGraph,UnityEngine.Rendering.Universal.RenderPassEvent,UnityEngine.Rendering.Universal.RenderPassEvent) (at ./Library/PackageCache/com.unity.render-pipelines.universal@1e87cf1dccb8/Runtime/ScriptableRenderer.cs:1325)
UnityEngine.Rendering.Universal.ScriptableRenderer:RecordCustomRenderGraphPasses (UnityEngine.Rendering.RenderGraphModule.RenderGraph,UnityEngine.Rendering.Universal.RenderPassEvent) (at ./Library/PackageCache/com.unity.render-pipelines.universal@1e87cf1dccb8/Runtime/ScriptableRenderer.cs:1330)
UnityEngine.Rendering.Universal.UniversalRenderer:OnAfterRendering (UnityEngine.Rendering.RenderGraphModule.RenderGraph,bool) (at ./Library/PackageCache/com.unity.render-pipelines.universal@1e87cf1dccb8/Runtime/UniversalRendererRenderGraph.cs:1370)
UnityEngine.Rendering.Universal.UniversalRenderer:OnRecordRenderGraph (UnityEngine.Rendering.RenderGraphModule.RenderGraph,UnityEngine.Rendering.ScriptableRenderContext) (at ./Library/PackageCache/com.unity.render-pipelines.universal@1e87cf1dccb8/Runtime/UniversalRendererRenderGraph.cs:653)
UnityEngine.Rendering.Universal.ScriptableRenderer:RecordRenderGraph (UnityEngine.Rendering.RenderGraphModule.RenderGraph,UnityEngine.Rendering.ScriptableRenderContext) (at ./Library/PackageCache/com.unity.render-pipelines.universal@1e87cf1dccb8/Runtime/ScriptableRenderer.cs:1259)
UnityEngine.Rendering.Universal.UniversalRenderPipeline:RecordAndExecuteRenderGraph (UnityEngine.Rendering.RenderGraphModule.RenderGraph,UnityEngine.Rendering.ScriptableRenderContext,UnityEngine.Rendering.Universal.ScriptableRenderer,UnityEngine.Rendering.CommandBuffer,UnityEngine.Camera,UnityEngine.Rendering.RenderGraphModule.RenderTextureUVOriginStrategy) (at ./Library/PackageCache/com.unity.render-pipelines.universal@1e87cf1dccb8/Runtime/UniversalRenderPipelineRenderGraph.cs:23)
UnityEngine.Rendering.Universal.UniversalRenderPipeline:RenderSingleCamera (UnityEngine.Rendering.ScriptableRenderContext,UnityEngine.Rendering.Universal.UniversalCameraData) (at ./Library/PackageCache/com.unity.render-pipelines.universal@1e87cf1dccb8/Runtime/UniversalRenderPipeline.cs:902)
UnityEngine.Rendering.Universal.UniversalRenderPipeline:RenderSingleCameraInternal (UnityEngine.Rendering.ScriptableRenderContext,UnityEngine.Camera,UnityEngine.Rendering.Universal.UniversalAdditionalCameraData&,bool) (at ./Library/PackageCache/com.unity.render-pipelines.universal@1e87cf1dccb8/Runtime/UniversalRenderPipeline.cs:720)
UnityEngine.Rendering.Universal.UniversalRenderPipeline:RenderSingleCameraInternal (UnityEngine.Rendering.ScriptableRenderContext,UnityEngine.Camera,bool) (at ./Library/PackageCache/com.unity.render-pipelines.universal@1e87cf1dccb8/Runtime/UniversalRenderPipeline.cs:695)
UnityEngine.Rendering.Universal.UniversalRenderPipeline:Render (UnityEngine.Rendering.ScriptableRenderContext,System.Collections.Generic.List`1<UnityEngine.Camera>) (at ./Library/PackageCache/com.unity.render-pipelines.universal@1e87cf1dccb8/Runtime/UniversalRenderPipeline.cs:512)
UnityEngine.Rendering.RenderPipeline:InternalRender (UnityEngine.Rendering.ScriptableRenderContext,System.Collections.Generic.List`1<UnityEngine.Camera>)
UnityEngine.Rendering.RenderPipelineManager:DoRenderLoop_Internal (UnityEngine.Rendering.RenderPipelineAsset,intptr,UnityEngine.Object,Unity.Collections.LowLevel.Unsafe.AtomicSafetyHandle)
UnityEngine.Camera:Render ()
UnityEditor.PreviewRenderUtility:Render (bool,bool)
UnityEditor.MaterialEditor:DoRenderPreview (UnityEditor.PreviewRenderUtility,bool)
UnityEditor.MaterialEditor:RenderStaticPreview (string,UnityEngine.Object[],int,int)
UnityEditor.AssetPreviewUpdater:CreatePreview (UnityEngine.Object,UnityEngine.Object[],string,int,int)
UnityEditor.AssetPreviewUpdater:CreatePreviewForAsset (UnityEngine.Object,UnityEngine.Object[],string)

(Filename: ./Library/PackageCache/com.unity.render-pipelines.universal@1e87cf1dccb8/Runtime/Passes/ScriptableRenderPass.cs Line: 756)

 -> (artifact id: 'cce16f364322d07eab5b1f554a3005d8') in 4.8742695 seconds
Number of updated asset objects reloaded before import = 0Number of asset objects unloaded after import = 9

========================================================================
Received Import Request.
  Time since last request: 0.000036 seconds.
  path: Packages/com.unity.render-pipelines.universal/Runtime/Materials/PhysicalMaterial3DsMax/PhysicalMaterial3DsMaxTransparent.shadergraph
  artifactKey: Guid(1a207e3bee00db44b940e6f362a8e148) Importer(815301076,1909f56bfc062723c751e8b465ee728b)
Start importing Packages/com.unity.render-pipelines.universal/Runtime/Materials/PhysicalMaterial3DsMax/PhysicalMaterial3DsMaxTransparent.shadergraph using Guid(1a207e3bee00db44b940e6f362a8e148) Importer(815301076,1909f56bfc062723c751e8b465ee728b) (PreviewImporter)The render pass ToneMappingRenderPass does not have an implementation of the RecordRenderGraph method. Please implement this method, or consider turning on Compatibility Mode (RenderGraph disabled) in the menu Edit > Project Settings > Graphics > URP. Otherwise the render pass will have no effect. For more information, refer to https://docs.unity3d.com/Packages/com.unity.render-pipelines.universal@latest/index.html?subfolder=/manual/customizing-urp.html.
UnityEngine.Debug:ExtractStackTraceNoAlloc (byte*,int,string)
UnityEngine.StackTraceUtility:ExtractStackTrace ()
UnityEngine.DebugLogHandler:Internal_Log (UnityEngine.LogType,UnityEngine.LogOption,string,UnityEngine.Object)
UnityEngine.DebugLogHandler:LogFormat (UnityEngine.LogType,UnityEngine.Object,string,object[])
UnityEngine.Logger:Log (UnityEngine.LogType,object)
UnityEngine.Debug:LogWarning (object)
UnityEngine.Rendering.Universal.ScriptableRenderPass:RecordRenderGraph (UnityEngine.Rendering.RenderGraphModule.RenderGraph,UnityEngine.Rendering.ContextContainer) (at ./Library/PackageCache/com.unity.render-pipelines.universal@1e87cf1dccb8/Runtime/Passes/ScriptableRenderPass.cs:756)
ToneMappingRenderPass:RecordRenderGraph (UnityEngine.Rendering.RenderGraphModule.RenderGraph,UnityEngine.Rendering.ContextContainer) (at Assets/ToneMappingRenderPass.cs:18)
UnityEngine.Rendering.Universal.ScriptableRenderer:RecordCustomRenderGraphPassesInEventRange (UnityEngine.Rendering.RenderGraphModule.RenderGraph,UnityEngine.Rendering.Universal.RenderPassEvent,UnityEngine.Rendering.Universal.RenderPassEvent) (at ./Library/PackageCache/com.unity.render-pipelines.universal@1e87cf1dccb8/Runtime/ScriptableRenderer.cs:1306)
UnityEngine.Rendering.Universal.ScriptableRenderer:RecordCustomRenderGraphPasses (UnityEngine.Rendering.RenderGraphModule.RenderGraph,UnityEngine.Rendering.Universal.RenderPassEvent,UnityEngine.Rendering.Universal.RenderPassEvent) (at ./Library/PackageCache/com.unity.render-pipelines.universal@1e87cf1dccb8/Runtime/ScriptableRenderer.cs:1325)
UnityEngine.Rendering.Universal.ScriptableRenderer:RecordCustomRenderGraphPasses (UnityEngine.Rendering.RenderGraphModule.RenderGraph,UnityEngine.Rendering.Universal.RenderPassEvent) (at ./Library/PackageCache/com.unity.render-pipelines.universal@1e87cf1dccb8/Runtime/ScriptableRenderer.cs:1330)
UnityEngine.Rendering.Universal.UniversalRenderer:OnAfterRendering (UnityEngine.Rendering.RenderGraphModule.RenderGraph,bool) (at ./Library/PackageCache/com.unity.render-pipelines.universal@1e87cf1dccb8/Runtime/UniversalRendererRenderGraph.cs:1370)
UnityEngine.Rendering.Universal.UniversalRenderer:OnRecordRenderGraph (UnityEngine.Rendering.RenderGraphModule.RenderGraph,UnityEngine.Rendering.ScriptableRenderContext) (at ./Library/PackageCache/com.unity.render-pipelines.universal@1e87cf1dccb8/Runtime/UniversalRendererRenderGraph.cs:653)
UnityEngine.Rendering.Universal.ScriptableRenderer:RecordRenderGraph (UnityEngine.Rendering.RenderGraphModule.RenderGraph,UnityEngine.Rendering.ScriptableRenderContext) (at ./Library/PackageCache/com.unity.render-pipelines.universal@1e87cf1dccb8/Runtime/ScriptableRenderer.cs:1259)
UnityEngine.Rendering.Universal.UniversalRenderPipeline:RecordAndExecuteRenderGraph (UnityEngine.Rendering.RenderGraphModule.RenderGraph,UnityEngine.Rendering.ScriptableRenderContext,UnityEngine.Rendering.Universal.ScriptableRenderer,UnityEngine.Rendering.CommandBuffer,UnityEngine.Camera,UnityEngine.Rendering.RenderGraphModule.RenderTextureUVOriginStrategy) (at ./Library/PackageCache/com.unity.render-pipelines.universal@1e87cf1dccb8/Runtime/UniversalRenderPipelineRenderGraph.cs:23)
UnityEngine.Rendering.Universal.UniversalRenderPipeline:RenderSingleCamera (UnityEngine.Rendering.ScriptableRenderContext,UnityEngine.Rendering.Universal.UniversalCameraData) (at ./Library/PackageCache/com.unity.render-pipelines.universal@1e87cf1dccb8/Runtime/UniversalRenderPipeline.cs:902)
UnityEngine.Rendering.Universal.UniversalRenderPipeline:RenderSingleCameraInternal (UnityEngine.Rendering.ScriptableRenderContext,UnityEngine.Camera,UnityEngine.Rendering.Universal.UniversalAdditionalCameraData&,bool) (at ./Library/PackageCache/com.unity.render-pipelines.universal@1e87cf1dccb8/Runtime/UniversalRenderPipeline.cs:720)
UnityEngine.Rendering.Universal.UniversalRenderPipeline:RenderSingleCameraInternal (UnityEngine.Rendering.ScriptableRenderContext,UnityEngine.Camera,bool) (at ./Library/PackageCache/com.unity.render-pipelines.universal@1e87cf1dccb8/Runtime/UniversalRenderPipeline.cs:695)
UnityEngine.Rendering.Universal.UniversalRenderPipeline:Render (UnityEngine.Rendering.ScriptableRenderContext,System.Collections.Generic.List`1<UnityEngine.Camera>) (at ./Library/PackageCache/com.unity.render-pipelines.universal@1e87cf1dccb8/Runtime/UniversalRenderPipeline.cs:512)
UnityEngine.Rendering.RenderPipeline:InternalRender (UnityEngine.Rendering.ScriptableRenderContext,System.Collections.Generic.List`1<UnityEngine.Camera>)
UnityEngine.Rendering.RenderPipelineManager:DoRenderLoop_Internal (UnityEngine.Rendering.RenderPipelineAsset,intptr,UnityEngine.Object,Unity.Collections.LowLevel.Unsafe.AtomicSafetyHandle)
UnityEngine.Camera:Render ()
UnityEditor.PreviewRenderUtility:Render (bool,bool)
UnityEditor.MaterialEditor:DoRenderPreview (UnityEditor.PreviewRenderUtility,bool)
UnityEditor.MaterialEditor:RenderStaticPreview (string,UnityEngine.Object[],int,int)
UnityEditor.AssetPreviewUpdater:CreatePreview (UnityEngine.Object,UnityEngine.Object[],string,int,int)
UnityEditor.AssetPreviewUpdater:CreatePreviewForAsset (UnityEngine.Object,UnityEngine.Object[],string)

(Filename: ./Library/PackageCache/com.unity.render-pipelines.universal@1e87cf1dccb8/Runtime/Passes/ScriptableRenderPass.cs Line: 756)

 -> (artifact id: '0e639bd957513292f7a5afb93c8887bf') in 4.7026998 seconds
Number of updated asset objects reloaded before import = 0Number of asset objects unloaded after import = 5

